boot,root_feature,root_threshold,depth,leaves,left_child_feature,right_child_feature,n_unique_objects
0,concave_points_worst,0.14315000176429749,3,5,area_worst,radius_worst,285
1,concave_points_worst,0.1454000025987625,3,5,area_worst,area_worst,285
2,perimeter_worst,114.45000076293945,3,5,concave_points_worst,fractal_dimension_worst,305
3,perimeter_worst,115.0,3,5,concave_points_worst,symmetry_se,292
4,perimeter_worst,103.25,3,6,compactness_worst,concave_points_worst,297
5,concave_points_worst,0.13099999725818634,3,6,area_worst,area_worst,291
6,perimeter_worst,103.25,3,6,compactness_worst,texture_worst,276
7,radius_worst,16.789999961853027,3,5,concave_points_worst,concave_points_mean,287
8,perimeter_worst,102.4000015258789,3,7,compactness_mean,concave_points_mean,298
9,perimeter_worst,102.0999984741211,3,6,compactness_mean,texture_worst,286
10,concave_points_worst,0.14545000344514847,3,5,area_worst,texture_worst,290
11,perimeter_worst,115.3499984741211,3,5,concave_points_worst,concave_points_mean,291
12,perimeter_worst,101.64999771118164,3,6,texture_worst,concave_points_mean,290
13,perimeter_worst,112.8499984741211,3,5,concave_points_worst,smoothness_mean,283
14,perimeter_worst,104.04999923706055,3,6,concave_points_worst,perimeter_worst,292
15,perimeter_worst,104.95000076293945,3,6,radius_se,smoothness_worst,286
16,concave_points_worst,0.11574999988079071,3,6,radius_mean,radius_worst,293
17,radius_worst,16.795000076293945,3,6,concave_points_worst,texture_mean,281
18,radius_worst,16.789999961853027,3,6,concave_points_worst,concavity_mean,290
19,perimeter_worst,112.79999923706055,3,6,concave_points_mean,concave_points_mean,291
20,perimeter_worst,112.8499984741211,3,5,concave_points_worst,texture_mean,280
21,perimeter_worst,106.0999984741211,3,6,perimeter_se,texture_worst,291
22,concave_points_mean,0.04988999851047993,3,6,area_se,perimeter_worst,304
23,concave_points_worst,0.14545000344514847,3,5,area_worst,perimeter_worst,279
24,concave_points_worst,0.1359499990940094,3,5,radius_worst,area_worst,294
25,perimeter_worst,112.9000015258789,3,5,concave_points_worst,perimeter_worst,292
26,perimeter_worst,102.4000015258789,3,6,compactness_worst,concave_points_worst,288
27,perimeter_worst,102.4000015258789,3,6,texture_mean,concave_points_mean,288
28,perimeter_worst,103.25,3,7,concave_points_worst,concave_points_worst,299
29,concave_points_mean,0.045295000076293945,3,6,area_worst,perimeter_worst,276
30,concave_points_worst,0.1465499997138977,3,4,area_worst,—,288
31,perimeter_worst,106.20000076293945,3,6,concave_points_worst,concave_points_mean,292
32,area_worst,865.6499938964844,3,5,concave_points_worst,concave_points_mean,289
33,concave_points_worst,0.1465499997138977,3,5,area_worst,radius_worst,297
34,perimeter_worst,106.0999984741211,3,6,compactness_worst,texture_worst,278
35,perimeter_worst,106.0999984741211,3,6,symmetry_worst,texture_worst,289
36,concave_points_worst,0.13984999805688858,3,5,area_se,texture_worst,288
37,perimeter_worst,104.95000076293945,3,6,concave_points_worst,texture_worst,297
38,perimeter_worst,112.9000015258789,3,6,concave_points_worst,concave_points_mean,279
39,perimeter_worst,106.04999923706055,3,6,compactness_worst,texture_worst,285
40,perimeter_worst,114.6500015258789,3,5,concave_points_worst,fractal_dimension_worst,281
41,concave_points_worst,0.14545000344514847,3,5,area_worst,area_worst,289
42,perimeter_worst,104.95000076293945,3,6,texture_mean,texture_worst,298
43,concave_points_mean,0.051419999450445175,3,6,radius_worst,perimeter_worst,291
44,perimeter_worst,102.0999984741211,3,6,smoothness_mean,texture_mean,279
45,concave_points_worst,0.1465499997138977,3,6,area_se,area_se,276
46,concave_points_worst,0.14594999700784683,3,6,perimeter_worst,radius_worst,294
47,perimeter_worst,115.45000076293945,3,5,concave_points_worst,fractal_dimension_mean,299
48,perimeter_worst,112.79999923706055,3,5,concave_points_worst,concave_points_worst,289
49,perimeter_worst,104.9000015258789,3,6,concavity_worst,texture_worst,280
50,concave_points_worst,0.14554999768733978,3,5,area_worst,radius_worst,286
51,perimeter_worst,115.10000228881836,3,4,concave_points_worst,—,280
52,concave_points_mean,0.04891999997198582,3,6,area_worst,perimeter_worst,287
53,radius_worst,16.304999351501465,3,7,texture_worst,concavity_mean,277
54,concave_points_mean,0.049230000004172325,3,6,area_worst,perimeter_worst,295
55,concave_points_worst,0.14545000344514847,3,5,area_worst,perimeter_worst,286
56,perimeter_worst,106.0999984741211,3,6,concave_points_worst,texture_worst,291
57,concave_points_worst,0.14545000344514847,3,5,area_worst,radius_worst,292
58,perimeter_worst,103.25,3,6,fractal_dimension_worst,concave_points_mean,292
59,concave_points_worst,0.14554999768733978,3,5,area_worst,area_worst,286
60,concave_points_worst,0.14545000344514847,3,5,radius_worst,radius_worst,289
61,concave_points_worst,0.1465499997138977,3,6,perimeter_worst,radius_worst,294
62,perimeter_worst,104.95000076293945,3,6,compactness_mean,concavity_mean,283
63,radius_worst,16.795000076293945,3,6,concave_points_worst,concavity_worst,301
64,perimeter_worst,106.0999984741211,3,6,compactness_worst,texture_worst,282
65,concave_points_worst,0.1359499990940094,3,6,area_worst,area_worst,297
66,radius_worst,16.795000076293945,3,7,concave_points_worst,texture_mean,295
67,area_worst,884.75,3,5,concave_points_worst,texture_mean,286
68,perimeter_worst,104.0,3,5,compactness_mean,concave_points_worst,284
69,concave_points_worst,0.1454000025987625,3,5,area_worst,area_worst,297
70,concave_points_worst,0.13984999805688858,3,6,area_se,radius_worst,287
71,concave_points_worst,0.14220000058412552,3,6,radius_worst,radius_worst,292
72,concave_points_worst,0.14705000072717667,3,6,perimeter_worst,area_worst,280
73,perimeter_worst,106.04999923706055,3,6,concavity_worst,concave_points_mean,283
74,area_worst,893.6499938964844,3,5,concave_points_worst,concavity_worst,294
75,concave_points_mean,0.04891999997198582,3,6,area_worst,texture_worst,282
76,perimeter_worst,114.45000076293945,3,4,concave_points_worst,—,291
77,area_worst,888.8500061035156,3,5,concave_points_worst,perimeter_se,284
78,area_worst,869.25,3,5,concave_points_worst,concavity_mean,283
79,perimeter_worst,103.25,3,6,compactness_worst,concave_points_worst,286
80,concave_points_mean,0.049230000004172325,3,7,concave_points_worst,radius_worst,281
81,radius_worst,16.795000076293945,3,5,compactness_worst,texture_mean,280
82,concave_points_worst,0.1454000025987625,3,5,area_worst,radius_worst,292
83,perimeter_worst,106.04999923706055,3,6,concave_points_worst,concave_points_mean,293
84,concave_points_worst,0.13984999805688858,3,6,area_se,radius_worst,294
85,perimeter_worst,110.39999771118164,3,5,concave_points_worst,concave_points_worst,273
86,concave_points_worst,0.14169999957084656,3,7,area_se,radius_worst,295
87,perimeter_worst,103.25,3,6,concavity_mean,concavity_mean,289
88,radius_worst,16.795000076293945,3,5,concave_points_mean,texture_mean,288
89,concave_points_worst,0.1407499983906746,3,5,area_mean,area_se,273
90,area_worst,880.9500122070312,3,5,concave_points_worst,perimeter_worst,282
91,area_worst,868.1999816894531,3,5,concave_points_worst,concave_points_mean,281
92,perimeter_worst,106.0999984741211,3,6,concave_points_worst,texture_worst,288
93,perimeter_worst,107.20000076293945,3,6,concavity_worst,concave_points_worst,290
94,concave_points_worst,0.14169999957084656,3,5,area_worst,area_se,277
95,concave_points_worst,0.11574999988079071,3,6,area_se,area_worst,290
96,perimeter_worst,112.79999923706055,3,5,compactness_worst,concave_points_worst,291
97,concave_points_worst,0.13520000129938126,3,6,area_worst,area_worst,292
98,radius_worst,16.80500030517578,3,5,concave_points_worst,texture_se,294
99,concave_points_worst,0.1359499990940094,3,6,perimeter_worst,area_se,291
100,radius_worst,16.800000190734863,3,5,concave_points_worst,perimeter_se,284
101,perimeter_worst,112.79999923706055,3,5,concave_points_worst,perimeter_worst,293
102,concave_points_worst,0.1510000005364418,3,4,area_worst,—,272
103,concave_points_worst,0.129100002348423,3,6,area_se,concave_points_mean,281
104,concave_points_worst,0.14169999957084656,3,6,area_worst,perimeter_worst,290
105,radius_worst,16.800000190734863,3,5,concave_points_worst,concavity_mean,284
106,perimeter_worst,106.1500015258789,3,6,concavity_worst,texture_worst,294
107,radius_worst,16.795000076293945,3,5,compactness_worst,perimeter_worst,303
108,perimeter_worst,106.0999984741211,3,6,concave_points_worst,texture_worst,287
109,perimeter_worst,104.9000015258789,3,6,concavity_worst,texture_worst,291
110,concave_points_worst,0.1359499990940094,3,5,radius_mean,area_worst,293
111,concave_points_mean,0.049230000004172325,3,6,area_se,perimeter_worst,276
112,radius_worst,16.80500030517578,3,5,concave_points_worst,perimeter_se,293
113,concave_points_worst,0.1454000025987625,3,5,area_worst,perimeter_worst,289
114,radius_worst,16.795000076293945,3,6,concave_points_worst,texture_mean,280
115,perimeter_worst,106.1500015258789,3,6,concavity_worst,concave_points_mean,281
116,concave_points_worst,0.1465499997138977,3,5,area_mean,perimeter_worst,295
117,perimeter_worst,106.04999923706055,3,6,compactness_worst,texture_worst,282
118,concave_points_worst,0.1407499983906746,3,5,area_worst,radius_worst,276
119,area_worst,884.75,3,5,concave_points_worst,concavity_mean,294
120,concave_points_worst,0.14169999957084656,3,6,radius_worst,area_worst,285
121,concave_points_mean,0.049230000004172325,3,7,area_mean,concave_points_worst,279
122,area_worst,884.75,3,5,concave_points_worst,texture_mean,291
123,area_worst,868.1999816894531,3,5,concavity_mean,texture_mean,287
124,concave_points_worst,0.11825000122189522,3,7,area_mean,area_se,294
125,perimeter_worst,109.45000076293945,3,6,concave_points_worst,concave_points_mean,287
126,concave_points_mean,0.05013999901711941,3,6,area_worst,texture_mean,289
127,perimeter_worst,104.95000076293945,3,5,concave_points_worst,texture_mean,278
128,perimeter_worst,112.79999923706055,3,5,compactness_worst,smoothness_mean,292
129,perimeter_worst,106.04999923706055,3,6,concave_points_worst,texture_mean,296
130,concave_points_worst,0.11574999988079071,3,6,area_worst,area_worst,292
131,perimeter_worst,103.25,3,7,texture_worst,concavity_mean,290
132,area_worst,874.8500061035156,3,5,concave_points_worst,texture_mean,290
133,concave_points_worst,0.11099999770522118,3,6,area_se,area_worst,280
134,radius_worst,16.795000076293945,3,5,concave_points_worst,concave_points_mean,274
135,concave_points_worst,0.129100002348423,3,6,radius_mean,perimeter_worst,303
136,perimeter_worst,112.79999923706055,3,5,concave_points_worst,texture_worst,294
137,perimeter_worst,112.64999771118164,3,5,concave_points_worst,perimeter_worst,291
138,concave_points_mean,0.051455000415444374,3,6,perimeter_worst,perimeter_worst,299
139,perimeter_worst,112.79999923706055,3,5,concave_points_worst,concave_points_worst,301
140,perimeter_worst,106.1500015258789,3,6,texture_worst,texture_worst,283
141,concave_points_worst,0.15164999663829803,3,5,radius_worst,texture_mean,284
142,area_worst,884.75,3,5,concave_points_worst,texture_mean,296
143,concave_points_worst,0.1359499990940094,3,6,radius_worst,area_se,280
144,concave_points_worst,0.1359499990940094,3,6,area_se,area_worst,295
145,perimeter_worst,112.79999923706055,3,5,concave_points_worst,area_se,296
146,perimeter_worst,103.70000076293945,3,6,concavity_worst,texture_mean,289
147,concave_points_worst,0.1359499990940094,3,5,area_worst,texture_worst,300
148,radius_worst,16.815000534057617,3,5,concave_points_worst,texture_mean,280
149,perimeter_worst,110.5,3,6,concave_points_worst,texture_mean,295
150,perimeter_worst,103.25,3,7,concave_points_se,texture_worst,275
151,perimeter_worst,106.0999984741211,3,6,concave_points_worst,concave_points_worst,298
152,concave_points_worst,0.1454000025987625,3,5,perimeter_worst,area_worst,282
153,concave_points_worst,0.1359499990940094,3,6,radius_worst,texture_mean,291
154,perimeter_worst,110.5,3,5,concave_points_worst,concave_points_mean,286
155,perimeter_worst,104.9000015258789,3,6,compactness_worst,concave_points_mean,287
156,concave_points_mean,0.04891999997198582,3,6,area_mean,texture_worst,278
157,radius_worst,16.795000076293945,3,5,concave_points_worst,texture_mean,289
158,concave_points_mean,0.050769999623298645,3,5,area_worst,area_worst,276
159,perimeter_worst,106.20000076293945,3,6,compactness_worst,concave_points_mean,302
160,perimeter_worst,110.5,3,5,concave_points_worst,concave_points_worst,288
161,perimeter_worst,101.44999694824219,3,5,concave_points_worst,concave_points_worst,277
162,perimeter_worst,114.45000076293945,3,5,concave_points_worst,—,279
163,perimeter_worst,104.95000076293945,3,7,compactness_worst,perimeter_worst,281
164,radius_worst,16.815000534057617,3,6,concave_points_worst,texture_mean,283
165,perimeter_worst,110.5,3,6,concave_points_worst,texture_mean,286
166,radius_worst,16.800000190734863,3,5,concave_points_worst,texture_mean,289
167,perimeter_worst,106.1500015258789,3,5,concave_points_worst,texture_mean,292
168,perimeter_worst,107.1500015258789,3,6,concave_points_worst,concavity_mean,274
169,radius_worst,16.795000076293945,3,6,concave_points_worst,perimeter_se,288
170,concave_points_worst,0.129100002348423,3,6,area_worst,concave_points_worst,277
171,radius_worst,16.789999961853027,3,6,concave_points_worst,concave_points_mean,288
172,concave_points_worst,0.1465499997138977,3,6,area_se,area_worst,281
173,concave_points_mean,0.04470000043511391,3,6,area_worst,area_worst,288
174,area_worst,861.7999877929688,3,5,concave_points_worst,concavity_mean,294
175,perimeter_worst,109.95000076293945,3,5,concave_points_worst,texture_worst,294
176,perimeter_worst,110.20000076293945,3,5,concave_points_worst,perimeter_worst,283
177,concave_points_worst,0.1465499997138977,3,5,area_worst,fractal_dimension_worst,291
178,perimeter_worst,110.20000076293945,3,5,concave_points_worst,texture_mean,288
179,radius_worst,16.795000076293945,3,5,concave_points_worst,texture_mean,282
180,perimeter_worst,112.8499984741211,3,6,concavity_mean,area_worst,286
181,perimeter_worst,112.79999923706055,3,5,concave_points_worst,smoothness_mean,283
182,perimeter_worst,104.95000076293945,3,6,perimeter_worst,texture_mean,298
183,concave_points_mean,0.049230000004172325,3,6,radius_worst,area_worst,283
184,concave_points_mean,0.048669999465346336,3,6,area_worst,perimeter_worst,285
185,perimeter_worst,107.20000076293945,3,6,concave_points_worst,texture_worst,282
186,perimeter_worst,103.25,3,7,compactness_mean,concavity_mean,284
187,perimeter_worst,109.95000076293945,3,5,concave_points_worst,concavity_mean,289
188,concave_points_mean,0.04891999997198582,3,6,radius_worst,area_worst,292
189,perimeter_worst,112.79999923706055,3,5,concave_points_worst,concave_points_mean,287
190,perimeter_worst,112.79999923706055,3,5,concave_points_worst,concave_points_worst,292
191,radius_worst,16.80500030517578,3,5,concave_points_worst,perimeter_se,288
192,concave_points_worst,0.1465499997138977,3,5,area_worst,radius_worst,287
193,area_worst,884.75,3,5,concave_points_worst,concavity_mean,290
194,perimeter_worst,104.9000015258789,3,7,concave_points_worst,concave_points_worst,295
195,concave_points_worst,0.14559999853372574,3,6,area_worst,area_worst,283
196,perimeter_worst,112.79999923706055,3,5,concave_points_worst,concavity_mean,299
197,perimeter_worst,104.0,3,6,perimeter_se,concave_points_mean,286
198,perimeter_worst,106.0999984741211,3,6,concave_points_worst,area_se,284
199,concave_points_worst,0.1465499997138977,3,5,area_worst,fractal_dimension_worst,279
