index,кат.,y,tree/rf/hgb,p_tree,p_rf,p_hgb,лист n,найближчий поріг,значення,поріг,"відст., σ",kNN5 перцентиль,kNN10 частка M
38,D,1,0/0/0,0.00546448087431694,0.5,0.44136201502726324,183,perimeter_worst,95.54,106.0999984741211,0.3181196480216249,0.9428571428571428,0.2
536,D,1,0/0/0,0.009478672985781991,0.4066666666666667,0.10246976462989979,211,perimeter_worst,104.3,112.79999923706055,0.25606223070054357,0.512087912087912,0.6
413,D,0,1/1/1,0.8125,0.5233333333333333,0.7859892139686628,16,perimeter_worst,110.2,106.0999984741211,0.12351242715584579,0.5494505494505495,0.5
147,A,0,1/0/0,0.8125,0.25,0.14282252689263544,16,perimeter_worst,107.1,106.0999984741211,0.03012501698871324,0.7604395604395604,0.0
376,A,0,1/0/0,0.6875,0.17,0.03889721848462608,16,concave_points_worst,0.1465,0.14559999853372574,0.013476314677252686,0.9208791208791208,0.2
36,A,1,0/1/1,0.21739130434782608,0.7333333333333333,0.9550674469636297,23,concave_points_worst,0.1447,0.15630000084638596,0.17369445219843507,0.4703296703296703,0.8
514,B,1,1/1/0,1.0,0.6766666666666666,0.39395148135216457,90,radius_worst,17.58,16.80500030517578,0.16247306634244588,0.24395604395604395,0.4
484,B,0,0/1/0,0.3684210526315789,0.62,0.160657428425527,19,perimeter_worst,112.5,106.0999984741211,0.19279986050565354,0.5802197802197803,0.2
193,C,1,0/0/1,0.009852216748768473,0.4533333333333333,0.7612934251860227,203,perimeter_worst,101.7,102.4000015258789,0.021087525682216654,0.832967032967033,1.0
396,C,0,1/0/1,0.6363636363636364,0.2733333333333333,0.7328932663762971,22,concave_points_worst,0.1453,0.1359499990940094,0.14000372128652822,0.4065934065934066,0.3
