model,feature,pi_mean,pi_fold_std,pi_top5_freq,impurity,imp_fold_std,imp_top5_freq,pi_rank,impurity_rank,rank_diff
random_forest,texture_worst,0.009828522104830173,0.01331537959710414,4,0.018694357690707406,0.003911560652786124,0,1,12,11
random_forest,concave_points_worst,0.0058219408304803775,0.022183422050313154,2,0.11550196578453792,0.02159910875181363,5,2,3,1
random_forest,area_worst,0.005005607130722163,0.01730710467052605,2,0.13731177174182216,0.009311418864687882,5,3,2,-1
random_forest,radius_worst,0.004903844134497766,0.013126469754965175,2,0.08411075324716967,0.009279032281200207,5,4,5,1
random_forest,concave_points_mean,0.0032526637179597284,0.012351836383430096,2,0.09177420840591978,0.008132359235793344,5,5,4,-1
random_forest,texture_mean,0.0029237629472134764,0.009961639066792899,2,0.013380277360963764,0.002441631858890874,0,6,17,11
random_forest,smoothness_worst,0.002810613288972976,0.00942707145969023,0,0.013763659737509341,0.0020123618372020202,0,7,16,9
random_forest,perimeter_worst,0.0018732306645336267,0.017417814285306584,2,0.13734428478768992,0.012935056752096602,5,8,1,-7
random_forest,symmetry_se,0.001695802031141811,0.0037919286180153047,0,0.004780806468948071,0.0005767794042191377,0,9,25,16
random_forest,compactness_se,0.0015779190576250348,0.003866260478313147,0,0.0043306577420363325,0.0004883640549780302,0,10,29,19
random_forest,fractal_dimension_se,0.001332415881611423,0.0029793724855834538,0,0.004787573382486431,0.00056638737887384,0,11,24,13
random_forest,area_se,0.0012906049685409181,0.002466839387074496,2,0.03361318932432994,0.0069669115087007205,0,12,11,-1
random_forest,radius_se,0.0008543925015576115,0.0026196775988083765,0,0.017930888076097,0.0021742794085159714,0,13,14,1
random_forest,smoothness_mean,0.0003837241378052415,0.0023782181660746277,0,0.0062723030846124714,0.0013549322138574733,0,14,21,7
random_forest,symmetry_mean,0.00037734148833858615,0.0015621473112795708,0,0.005119549726633106,0.0007923080343772393,0,15,23,8
random_forest,concave_points_se,0.00037636912150380017,0.0023887074384020645,0,0.004640222514084779,0.0006972741012638887,0,16,26,10
random_forest,area_mean,4.008703750505446e-06,0.001257436184478605,0,0.040507518957206196,0.00884203575520034,0,17,9,-8
random_forest,texture_se,0.0,0.0,0,0.004470435379299308,0.0009071722448148157,0,18,28,10
random_forest,compactness_mean,0.0,0.0,0,0.018141014115304256,0.0010272362612122803,0,18,13,-5
random_forest,perimeter_se,-0.00023576594703355268,0.0005271886843466387,0,0.007476718441264054,0.0030858834179668575,0,20,19,-1
random_forest,symmetry_worst,-0.00040298612661082597,0.0037676763461714368,0,0.008958834948910976,0.0012481078378386615,0,21,18,-3
random_forest,concavity_worst,-0.00040644342794008174,0.010936715466979122,0,0.034837036592064885,0.006561790938955367,0,22,10,-12
random_forest,fractal_dimension_mean,-0.00047153189406710537,0.0010543773686932773,0,0.0042361579138524156,0.0005677262190204104,0,23,30,7
random_forest,fractal_dimension_worst,-0.0009355999353127187,0.002092065055103645,0,0.0066945788170874486,0.0009314601806052621,0,24,20,-4
random_forest,radius_mean,-0.00130718193388512,0.0022974100491746155,0,0.06274149938964042,0.004502599684057525,0,25,6,-19
random_forest,concavity_mean,-0.0013275251310554171,0.0057646724406488145,1,0.044142404550241814,0.005612857195231576,0,26,8,-18
random_forest,concavity_se,-0.001650361629234869,0.003690320790426471,0,0.005818056977442622,0.0013484131945885112,0,27,22,-5
random_forest,compactness_worst,-0.0016770035560441671,0.009650757136204549,1,0.014451036632813736,0.0036272317285997334,0,28,15,-13
random_forest,smoothness_se,-0.002004010549785198,0.00448110381694643,0,0.004488590185940895,0.0014271681754764592,0,29,27,-2
random_forest,perimeter_mean,-0.002340620100096945,0.004035882598218514,0,0.04967964802338306,0.0075548654109850915,0,30,7,-23
tree_controlled,concave_points_worst,0.18731566589670687,0.03077576842999348,5,0.13416566321470874,0.32371974420129235,5,1,2,1
tree_controlled,radius_worst,0.08956298339036094,0.12356654703396584,2,0.8065139386282131,0.46057187372011693,3,2,1,-1
tree_controlled,perimeter_worst,0.06992236168571028,0.0971280572978331,2,0.0,0.4520427738499842,3,3,6,3
tree_controlled,area_worst,0.03618110388631247,0.0809034077907765,1,0.0,0.06559034114752428,1,4,6,2
tree_controlled,texture_worst,0.018922605884791457,0.04231223306983126,1,0.0,0.038248128980130566,1,5,6,1
tree_controlled,radius_mean,0.0,0.0,0,0.0,0.0,0,6,6,0
tree_controlled,concavity_mean,0.0,0.0,0,0.0,0.0,0,6,6,0
tree_controlled,concave_points_mean,0.0,0.0,0,0.0,0.0,0,6,6,0
tree_controlled,symmetry_mean,0.0,0.0,0,0.0,0.0,0,6,6,0
tree_controlled,texture_mean,0.0,0.0,0,0.05344805680250949,0.016117469485351255,2,6,3,-3
tree_controlled,perimeter_mean,0.0,0.0,0,0.0,0.0,0,6,6,0
tree_controlled,area_mean,0.0,0.0,0,0.0,0.0,0,6,6,0
tree_controlled,smoothness_mean,0.0,0.0,0,0.0,0.0030353978062004463,1,6,6,0
tree_controlled,compactness_mean,0.0,0.0,0,0.0,0.0,0,6,6,0
tree_controlled,area_se,0.0,0.0,0,0.0052743639061853835,0.012445452451596265,2,6,4,-2
tree_controlled,perimeter_se,0.0,0.0,0,0.0,0.0,0,6,6,0
tree_controlled,texture_se,0.0,0.0,0,0.0005979774483833251,0.00040683127374067457,2,6,5,-1
tree_controlled,radius_se,0.0,0.0,0,0.0,0.0,0,6,6,0
tree_controlled,fractal_dimension_mean,0.0,0.0,0,0.0,0.0,0,6,6,0
tree_controlled,concave_points_se,0.0,0.0,0,0.0,0.0,0,6,6,0
tree_controlled,smoothness_se,0.0,0.0,0,0.0,0.0,0,6,6,0
tree_controlled,compactness_se,0.0,0.0,0,0.0,0.0,0,6,6,0
tree_controlled,symmetry_se,0.0,0.0,0,0.0,0.0,0,6,6,0
tree_controlled,fractal_dimension_se,0.0,0.0,0,0.0,0.0,0,6,6,0
tree_controlled,concavity_se,0.0,0.0,0,0.0,0.0,0,6,6,0
tree_controlled,smoothness_worst,0.0,0.0,0,0.0,0.0,0,6,6,0
tree_controlled,compactness_worst,0.0,0.0,0,0.0,0.0,0,6,6,0
tree_controlled,concavity_worst,0.0,0.0,0,0.0,0.0,0,6,6,0
tree_controlled,symmetry_worst,0.0,0.0,0,0.0,0.0,0,6,6,0
tree_controlled,fractal_dimension_worst,0.0,0.0,0,0.0,0.0,0,6,6,0
