model,fold,repeat,f1_test,f1_train,recall_test,recall_train,depth,leaves,best_max_depth,best_min_samples_leaf
dummy,0,0,0.38513513513513514,0.38513513513513514,0.0,0.0,,,,
dummy,1,0,0.38513513513513514,0.38513513513513514,0.0,0.0,,,,
dummy,2,0,0.38513513513513514,0.38513513513513514,0.0,0.0,,,,
dummy,3,0,0.38513513513513514,0.38513513513513514,0.0,0.0,,,,
dummy,4,0,0.38513513513513514,0.38513513513513514,0.0,0.0,,,,
dummy,5,1,0.38513513513513514,0.38513513513513514,0.0,0.0,,,,
dummy,6,1,0.38513513513513514,0.38513513513513514,0.0,0.0,,,,
dummy,7,1,0.38513513513513514,0.38513513513513514,0.0,0.0,,,,
dummy,8,1,0.38513513513513514,0.38513513513513514,0.0,0.0,,,,
dummy,9,1,0.38513513513513514,0.38513513513513514,0.0,0.0,,,,
dummy,10,2,0.38513513513513514,0.38513513513513514,0.0,0.0,,,,
dummy,11,2,0.38513513513513514,0.38513513513513514,0.0,0.0,,,,
dummy,12,2,0.38513513513513514,0.38513513513513514,0.0,0.0,,,,
dummy,13,2,0.38513513513513514,0.38513513513513514,0.0,0.0,,,,
dummy,14,2,0.38513513513513514,0.38513513513513514,0.0,0.0,,,,
dummy,15,3,0.38513513513513514,0.38513513513513514,0.0,0.0,,,,
dummy,16,3,0.38513513513513514,0.38513513513513514,0.0,0.0,,,,
dummy,17,3,0.38513513513513514,0.38513513513513514,0.0,0.0,,,,
dummy,18,3,0.38513513513513514,0.38513513513513514,0.0,0.0,,,,
dummy,19,3,0.38513513513513514,0.38513513513513514,0.0,0.0,,,,
tree_unrestricted,0,0,0.9303571428571429,1.0,0.9411764705882353,1.0,,,,
tree_unrestricted,1,0,0.9303571428571429,1.0,0.9411764705882353,1.0,,,,
tree_unrestricted,2,0,0.8970717607138369,1.0,0.9411764705882353,1.0,,,,
tree_unrestricted,3,0,0.882610939112487,1.0,0.8529411764705882,1.0,,,,
tree_unrestricted,4,0,0.9191726938205811,1.0,0.9411764705882353,1.0,,,,
tree_unrestricted,5,1,0.8498921456667936,1.0,0.8529411764705882,1.0,,,,
tree_unrestricted,6,1,0.8741988186502451,1.0,0.9117647058823529,1.0,,,,
tree_unrestricted,7,1,0.9071428571428571,1.0,0.9117647058823529,1.0,,,,
tree_unrestricted,8,1,0.9150326797385621,1.0,0.8235294117647058,1.0,,,,
tree_unrestricted,9,1,0.9277012711864407,1.0,0.8529411764705882,1.0,,,,
tree_unrestricted,10,2,0.8937053861129136,1.0,0.8529411764705882,1.0,,,,
tree_unrestricted,11,2,0.9295665634674922,1.0,0.9117647058823529,1.0,,,,
tree_unrestricted,12,2,0.8937053861129136,1.0,0.8529411764705882,1.0,,,,
tree_unrestricted,13,2,0.8979439252336449,1.0,0.9705882352941176,1.0,,,,
tree_unrestricted,14,2,0.9162393162393163,1.0,0.8529411764705882,1.0,,,,
tree_unrestricted,15,3,0.8970717607138369,1.0,0.9411764705882353,1.0,,,,
tree_unrestricted,16,3,0.9295665634674922,1.0,0.9117647058823529,1.0,,,,
tree_unrestricted,17,3,0.882610939112487,1.0,0.8529411764705882,1.0,,,,
tree_unrestricted,18,3,0.952455590386625,1.0,0.9117647058823529,1.0,,,,
tree_unrestricted,19,3,0.952455590386625,1.0,0.9117647058823529,1.0,,,,
tree_controlled,0,0,0.9173264114211551,0.9852137106274423,0.8823529411764706,0.9632352941176471,4.0,9.0,4,1.0
tree_controlled,1,0,0.9191726938205811,0.9882257803655183,0.9411764705882353,0.9779411764705882,4.0,11.0,4,2.0
tree_controlled,2,0,0.8960791777693187,0.955779089826761,0.9117647058823529,0.9338235294117647,2.0,4.0,2,8.0
tree_controlled,3,0,0.9162393162393163,0.9881894873458793,0.8529411764705882,0.9705882352941176,5.0,13.0,5,2.0
tree_controlled,4,0,0.9530443756449949,0.9911558179653521,0.9411764705882353,0.9779411764705882,5.0,13.0,5,1.0
tree_controlled,5,1,0.8573667711598747,0.9792330575818086,0.7941176470588235,0.9485294117647058,5.0,11.0,5,2.0
tree_controlled,6,1,0.9295665634674922,0.9616752111831928,0.9117647058823529,0.9411764705882353,3.0,7.0,3,8.0
tree_controlled,7,1,0.9071428571428571,1.0,0.9117647058823529,1.0,7.0,17.0,None,1.0
tree_controlled,8,1,0.9409474367293965,0.9882610939112487,0.9117647058823529,0.9852941176470589,5.0,15.0,5,1.0
tree_controlled,9,1,0.9277012711864407,0.9701864168004456,0.8529411764705882,0.9264705882352942,3.0,7.0,3,1.0
tree_controlled,10,2,0.8923076923076924,0.9641025641025641,0.8235294117647058,0.9117647058823529,3.0,6.0,3,4.0
tree_controlled,11,2,0.952455590386625,0.9852137106274423,0.9117647058823529,0.9632352941176471,7.0,15.0,None,2.0
tree_controlled,12,2,0.8554025423728814,0.9647832817337462,0.7647058823529411,0.9558823529411765,2.0,4.0,2,8.0
tree_controlled,13,2,0.9535714285714285,0.9733846791293963,0.9705882352941176,0.9485294117647058,5.0,11.0,5,4.0
tree_controlled,14,2,0.9641025641025641,0.9882257803655183,0.9117647058823529,0.9779411764705882,4.0,11.0,4,1.0
tree_controlled,15,3,0.8752647975077882,0.9449393743979237,0.9411764705882353,0.9632352941176471,2.0,4.0,2,8.0
tree_controlled,16,3,0.8949595998460946,0.9853479853479854,0.8823529411764706,0.9852941176470589,4.0,11.0,4,4.0
tree_controlled,17,3,0.9162393162393163,0.967366233342842,0.8529411764705882,0.9338235294117647,3.0,7.0,3,4.0
tree_controlled,18,3,0.9518008474576272,0.9882257803655183,0.8823529411764706,0.9779411764705882,4.0,11.0,4,1.0
tree_controlled,19,3,0.952455590386625,0.9941128901827592,0.9117647058823529,0.9852941176470589,5.0,13.0,5,1.0
random_forest,0,0,0.9645684620376379,1.0,0.9411764705882353,1.0,,,,
random_forest,1,0,0.9535714285714285,1.0,0.9705882352941176,1.0,,,,
random_forest,2,0,0.9303571428571429,1.0,0.9411764705882353,1.0,,,,
random_forest,3,0,0.9641025641025641,1.0,0.9117647058823529,1.0,,,,
random_forest,4,0,0.9883288444273439,1.0,1.0,1.0,,,,
random_forest,5,1,0.9409474367293965,1.0,0.9117647058823529,1.0,,,,
random_forest,6,1,0.9762277951933125,1.0,0.9411764705882353,1.0,,,,
random_forest,7,1,0.9645684620376379,1.0,0.9411764705882353,1.0,,,,
random_forest,8,1,0.9649865332820315,1.0,0.9705882352941176,1.0,,,,
random_forest,9,1,0.9530443756449949,1.0,0.9411764705882353,1.0,,,,
random_forest,10,2,0.9401709401709402,1.0,0.8823529411764706,1.0,,,,
random_forest,11,2,0.9645684620376379,1.0,0.9411764705882353,1.0,,,,
random_forest,12,2,0.9641025641025641,1.0,0.9117647058823529,1.0,,,,
random_forest,13,2,0.9422662098718437,1.0,0.9705882352941176,1.0,,,,
random_forest,14,2,0.9883288444273439,1.0,1.0,1.0,,,,
random_forest,15,3,0.9303571428571429,1.0,0.9411764705882353,1.0,,,,
random_forest,16,3,0.9530443756449949,1.0,0.9411764705882353,1.0,,,,
random_forest,17,3,0.9530443756449949,1.0,0.9411764705882353,1.0,,,,
random_forest,18,3,0.9765221878224974,1.0,0.9705882352941176,1.0,,,,
random_forest,19,3,0.9641025641025641,1.0,0.9117647058823529,1.0,,,,
hist_gb,0,0,0.9762277951933125,1.0,0.9411764705882353,1.0,,,,
hist_gb,1,0,0.9645684620376379,1.0,0.9411764705882353,1.0,,,,
hist_gb,2,0,0.9416442221367193,1.0,0.9411764705882353,1.0,,,,
hist_gb,3,0,0.9762277951933125,1.0,0.9411764705882353,1.0,,,,
hist_gb,4,0,0.9765221878224974,1.0,0.9705882352941176,1.0,,,,
hist_gb,5,1,0.9295665634674922,1.0,0.9117647058823529,1.0,,,,
hist_gb,6,1,0.9645684620376379,1.0,0.9411764705882353,1.0,,,,
hist_gb,7,1,0.9530443756449949,1.0,0.9411764705882353,1.0,,,,
hist_gb,8,1,0.9881894873458793,1.0,0.9705882352941176,1.0,,,,
hist_gb,9,1,1.0,1.0,1.0,1.0,,,,
hist_gb,10,2,0.9518008474576272,1.0,0.8823529411764706,1.0,,,,
hist_gb,11,2,0.9295665634674922,1.0,0.9117647058823529,1.0,,,,
hist_gb,12,2,0.9518008474576272,1.0,0.8823529411764706,1.0,,,,
hist_gb,13,2,0.9653597259231061,1.0,1.0,1.0,,,,
hist_gb,14,2,0.9881894873458793,1.0,0.9705882352941176,1.0,,,,
hist_gb,15,3,0.9649865332820315,1.0,0.9705882352941176,1.0,,,,
hist_gb,16,3,0.9765221878224974,1.0,0.9705882352941176,1.0,,,,
hist_gb,17,3,0.952455590386625,1.0,0.9117647058823529,1.0,,,,
hist_gb,18,3,0.9762277951933125,1.0,0.9411764705882353,1.0,,,,
hist_gb,19,3,0.9641025641025641,1.0,0.9117647058823529,1.0,,,,
tree_fixed_stage3,0,0,0.9295665634674922,0.9531817743335798,0.9117647058823529,0.9485294117647058,,,,
tree_fixed_stage3,1,0,0.9199447027774287,0.9441569032758161,0.9705882352941176,0.9264705882352942,,,,
tree_fixed_stage3,2,0,0.8960791777693187,0.955779089826761,0.9117647058823529,0.9338235294117647,,,,
tree_fixed_stage3,3,0,0.9173264114211551,0.956043956043956,0.8823529411764706,0.9485294117647058,,,,
tree_fixed_stage3,4,0,0.9653597259231061,0.9393020208837892,1.0,0.9632352941176471,,,,
tree_fixed_stage3,5,1,0.9162393162393163,0.9519709714662707,0.8529411764705882,0.8897058823529411,,,,
tree_fixed_stage3,6,1,0.9303571428571429,0.9416442221367193,0.9411764705882353,0.9411764705882353,,,,
tree_fixed_stage3,7,1,0.9191726938205811,0.9534452438049561,0.9411764705882353,0.9632352941176471,,,,
tree_fixed_stage3,8,1,0.9409474367293965,0.9248225895726454,0.9117647058823529,0.8529411764705882,,,,
tree_fixed_stage3,9,1,0.9653597259231061,0.9393020208837892,1.0,0.9632352941176471,,,,
tree_fixed_stage3,10,2,0.8923076923076924,0.955779089826761,0.8235294117647058,0.9338235294117647,,,,
tree_fixed_stage3,11,2,0.9303571428571429,0.9530443756449949,0.9411764705882353,0.9411764705882353,,,,
tree_fixed_stage3,12,2,0.8444444444444444,0.9534452438049561,0.7647058823529411,0.9632352941176471,,,,
tree_fixed_stage3,13,2,0.9199447027774287,0.950735229724458,0.9705882352941176,0.9705882352941176,,,,
tree_fixed_stage3,14,2,0.9883288444273439,0.9359872102318145,1.0,0.9411764705882353,,,,
tree_fixed_stage3,15,3,0.8741988186502451,0.9267399267399268,0.9117647058823529,0.9117647058823529,,,,
tree_fixed_stage3,16,3,0.9286833855799372,0.9258323485064591,0.8823529411764706,0.8823529411764706,,,,
tree_fixed_stage3,17,3,0.9409474367293965,0.9474797999230473,0.9117647058823529,0.9485294117647058,,,,
tree_fixed_stage3,18,3,0.931060606060606,0.9479057341856694,0.9705882352941176,0.9705882352941176,,,,
tree_fixed_stage3,19,3,0.9295665634674922,0.950735229724458,0.9117647058823529,0.9705882352941176,,,,
