index,y_true,fold,pred_tree,pred_rf,pred_hgb,p_tree,p_rf,p_hgb,cat_A_tree_wrong_both_right,cat_B_tree_right_ens_wrong,cat_C_ensembles_disagree,cat_D_all_wrong
147,0,1,1,0,0,0.8125,0.25,0.14282252689263544,True,False,False,False
472,0,0,1,0,0,0.6875,0.28,0.06458716358093033,True,False,False,False
40,1,2,0,0,0,0.009478672985781991,0.06666666666666667,0.009470581537417021,False,False,False,True
347,0,2,1,0,0,0.8125,0.3,0.021146149306536674,True,False,False,False
413,0,1,1,1,1,0.8125,0.5233333333333333,0.7859892139686628,False,False,False,True
81,0,2,1,1,1,0.8333333333333334,0.6666666666666666,0.9194063952912266,False,False,False,True
414,1,2,0,1,1,0.35,0.5633333333333334,0.8559820925319768,True,False,False,False
68,0,0,1,0,0,0.8125,0.39666666666666667,0.1379831920568589,True,False,False,False
536,1,2,0,0,0,0.009478672985781991,0.4066666666666667,0.10246976462989979,False,False,False,True
476,0,1,1,0,0,0.8125,0.42333333333333334,0.2085119936508673,True,False,False,False
465,0,1,1,1,0,0.8125,0.5433333333333333,0.20819626494840912,False,False,True,False
255,1,3,0,0,0,0.19230769230769232,0.36333333333333334,0.031121935467013456,False,False,False,True
135,1,3,0,0,0,0.009950248756218905,0.0033333333333333335,0.031414862986829786,False,False,False,True
157,0,2,1,1,1,0.8125,0.8266666666666667,0.9769462495245274,False,False,False,True
148,0,3,1,0,0,0.6875,0.44666666666666666,0.4208513624547857,True,False,False,False
297,1,0,0,0,0,0.009852216748768473,0.02666666666666667,0.00352503798815169,False,False,False,True
484,0,1,0,1,0,0.3684210526315789,0.62,0.160657428425527,False,True,True,False
379,1,4,1,1,0,0.6363636363636364,0.5266666666666666,0.26412521097708286,False,True,True,False
376,0,3,1,0,0,0.6875,0.17,0.03889721848462608,True,False,False,False
469,0,1,1,0,0,0.625,0.2633333333333333,0.0655891622219015,True,False,False,False
396,0,4,1,0,1,0.6363636363636364,0.2733333333333333,0.7328932663762971,False,False,True,False
36,1,0,0,1,1,0.21739130434782608,0.7333333333333333,0.9550674469636297,True,False,False,False
38,1,1,0,0,0,0.00546448087431694,0.5,0.44136201502726324,False,False,False,True
209,0,2,1,0,0,0.8125,0.33,0.25728299582519676,True,False,False,False
152,0,1,1,0,0,0.625,0.2966666666666667,0.30106227015610276,True,False,False,False
193,1,0,0,0,1,0.009852216748768473,0.4533333333333333,0.7612934251860227,False,False,True,False
514,1,0,1,1,0,1.0,0.6766666666666666,0.39395148135216457,False,True,True,False
10,1,1,1,1,0,0.8125,0.72,0.40865314002677083,False,True,True,False
133,0,0,1,1,0,0.6875,0.5933333333333334,0.23120842729259286,False,False,True,False
508,0,3,1,0,0,0.8333333333333334,0.3933333333333333,0.10509467828264782,True,False,False,False
86,1,3,0,0,1,0.19230769230769232,0.32666666666666666,0.5766455608251384,False,False,True,False
440,0,4,1,0,0,0.6363636363636364,0.22,0.08919964672630236,True,False,False,False
491,0,2,1,1,1,1.0,0.75,0.942491790513178,False,False,False,True
421,0,2,1,1,0,0.8125,0.5666666666666667,0.1555534970301058,False,False,True,False
112,0,4,1,1,0,0.6363636363636364,0.5966666666666667,0.1896718150064854,False,False,True,False
13,1,3,0,1,1,0.19230769230769232,0.6466666666666666,0.5522879817899508,True,False,False,False
