feature,model,grid_value,avg_p_malignant
concave_points_worst,random_forest,0.0240004,0.3271868131868132
concave_points_worst,random_forest,0.027690833898305085,0.3271868131868132
concave_points_worst,random_forest,0.03138126779661017,0.3271868131868132
concave_points_worst,random_forest,0.035071701694915254,0.3271868131868132
concave_points_worst,random_forest,0.03876213559322034,0.3271868131868132
concave_points_worst,random_forest,0.04245256949152542,0.3271868131868132
concave_points_worst,random_forest,0.0461430033898305,0.3271868131868132
concave_points_worst,random_forest,0.049833437288135586,0.3271868131868132
concave_points_worst,random_forest,0.05352387118644067,0.3271868131868132
concave_points_worst,random_forest,0.05721430508474576,0.3271868131868132
concave_points_worst,random_forest,0.060904738983050835,0.3272234432234432
concave_points_worst,random_forest,0.06459517288135593,0.3272234432234432
concave_points_worst,random_forest,0.068285606779661,0.32823443223443216
concave_points_worst,random_forest,0.07197604067796609,0.3283809523809524
concave_points_worst,random_forest,0.07566647457627117,0.3282564102564102
concave_points_worst,random_forest,0.07935690847457626,0.3283223443223443
concave_points_worst,random_forest,0.08304734237288133,0.3283223443223443
concave_points_worst,random_forest,0.08673777627118642,0.33536263736263744
concave_points_worst,random_forest,0.09042821016949151,0.33888644688644687
concave_points_worst,random_forest,0.09411864406779659,0.34679853479853484
concave_points_worst,random_forest,0.09780907796610168,0.34498168498168497
concave_points_worst,random_forest,0.10149951186440676,0.34602197802197804
concave_points_worst,random_forest,0.10518994576271185,0.348989010989011
concave_points_worst,random_forest,0.10888037966101692,0.3524175824175824
concave_points_worst,random_forest,0.11257081355932201,0.37266666666666665
concave_points_worst,random_forest,0.11626124745762709,0.37465934065934065
concave_points_worst,random_forest,0.11995168135593218,0.37556776556776555
concave_points_worst,random_forest,0.12364211525423725,0.3782930402930403
concave_points_worst,random_forest,0.12733254915254233,0.37858608058608056
concave_points_worst,random_forest,0.13102298305084742,0.3793040293040293
concave_points_worst,random_forest,0.1347134169491525,0.38287912087912085
concave_points_worst,random_forest,0.13840385084745757,0.39684249084249085
concave_points_worst,random_forest,0.14209428474576266,0.4057289377289377
concave_points_worst,random_forest,0.14578471864406775,0.42999267399267393
concave_points_worst,random_forest,0.14947515254237284,0.44928205128205123
concave_points_worst,random_forest,0.15316558644067793,0.4536336996336997
concave_points_worst,random_forest,0.15685602033898302,0.460959706959707
concave_points_worst,random_forest,0.16054645423728808,0.4738901098901099
concave_points_worst,random_forest,0.16423688813559317,0.481003663003663
concave_points_worst,random_forest,0.16792732203389826,0.4798754578754579
concave_points_worst,random_forest,0.17161775593220335,0.47995604395604397
concave_points_worst,random_forest,0.17530818983050842,0.48403663003663006
concave_points_worst,random_forest,0.1789986237288135,0.4906300366300367
concave_points_worst,random_forest,0.1826890576271186,0.5059194139194139
concave_points_worst,random_forest,0.18637949152542369,0.50803663003663
concave_points_worst,random_forest,0.19006992542372875,0.5082490842490842
concave_points_worst,random_forest,0.19376035932203384,0.5083296703296704
concave_points_worst,random_forest,0.19745079322033893,0.5086520146520147
concave_points_worst,random_forest,0.20114122711864402,0.516021978021978
concave_points_worst,random_forest,0.2048316610169491,0.5178021978021977
concave_points_worst,random_forest,0.20852209491525417,0.5178021978021977
concave_points_worst,random_forest,0.21221252881355926,0.5197582417582417
concave_points_worst,random_forest,0.21590296271186435,0.519992673992674
concave_points_worst,random_forest,0.21959339661016944,0.519992673992674
concave_points_worst,random_forest,0.2232838305084745,0.519992673992674
concave_points_worst,random_forest,0.2269742644067796,0.519992673992674
concave_points_worst,random_forest,0.23066469830508468,0.519992673992674
concave_points_worst,random_forest,0.23435513220338977,0.519992673992674
concave_points_worst,random_forest,0.23804556610169483,0.519992673992674
concave_points_worst,random_forest,0.24173599999999992,0.519992673992674
concave_points_worst,tree_controlled,0.0240004,0.32742296918767505
concave_points_worst,tree_controlled,0.027690833898305085,0.32742296918767505
concave_points_worst,tree_controlled,0.03138126779661017,0.32742296918767505
concave_points_worst,tree_controlled,0.035071701694915254,0.32742296918767505
concave_points_worst,tree_controlled,0.03876213559322034,0.32742296918767505
concave_points_worst,tree_controlled,0.04245256949152542,0.32742296918767505
concave_points_worst,tree_controlled,0.0461430033898305,0.32742296918767505
concave_points_worst,tree_controlled,0.049833437288135586,0.32742296918767505
concave_points_worst,tree_controlled,0.05352387118644067,0.32742296918767505
concave_points_worst,tree_controlled,0.05721430508474576,0.32742296918767505
concave_points_worst,tree_controlled,0.060904738983050835,0.32742296918767505
concave_points_worst,tree_controlled,0.06459517288135593,0.32742296918767505
concave_points_worst,tree_controlled,0.068285606779661,0.32742296918767505
concave_points_worst,tree_controlled,0.07197604067796609,0.32742296918767505
concave_points_worst,tree_controlled,0.07566647457627117,0.32742296918767505
concave_points_worst,tree_controlled,0.07935690847457626,0.32742296918767505
concave_points_worst,tree_controlled,0.08304734237288133,0.32742296918767505
concave_points_worst,tree_controlled,0.08673777627118642,0.32742296918767505
concave_points_worst,tree_controlled,0.09042821016949151,0.32742296918767505
concave_points_worst,tree_controlled,0.09411864406779659,0.32742296918767505
concave_points_worst,tree_controlled,0.09780907796610168,0.32742296918767505
concave_points_worst,tree_controlled,0.10149951186440676,0.32742296918767505
concave_points_worst,tree_controlled,0.10518994576271185,0.32742296918767505
concave_points_worst,tree_controlled,0.10888037966101692,0.32742296918767505
concave_points_worst,tree_controlled,0.11257081355932201,0.32742296918767505
concave_points_worst,tree_controlled,0.11626124745762709,0.32742296918767505
concave_points_worst,tree_controlled,0.11995168135593218,0.32742296918767505
concave_points_worst,tree_controlled,0.12364211525423725,0.32742296918767505
concave_points_worst,tree_controlled,0.12733254915254233,0.32742296918767505
concave_points_worst,tree_controlled,0.13102298305084742,0.32742296918767505
concave_points_worst,tree_controlled,0.1347134169491525,0.32742296918767505
concave_points_worst,tree_controlled,0.13840385084745757,0.6945458952811895
concave_points_worst,tree_controlled,0.14209428474576266,0.6945458952811895
concave_points_worst,tree_controlled,0.14578471864406775,0.6945458952811895
concave_points_worst,tree_controlled,0.14947515254237284,0.6945458952811895
concave_points_worst,tree_controlled,0.15316558644067793,0.6945458952811895
concave_points_worst,tree_controlled,0.15685602033898302,0.6945458952811895
concave_points_worst,tree_controlled,0.16054645423728808,0.6945458952811895
concave_points_worst,tree_controlled,0.16423688813559317,0.6945458952811895
concave_points_worst,tree_controlled,0.16792732203389826,0.6945458952811895
concave_points_worst,tree_controlled,0.17161775593220335,0.6945458952811895
concave_points_worst,tree_controlled,0.17530818983050842,0.6945458952811895
concave_points_worst,tree_controlled,0.1789986237288135,0.6945458952811895
concave_points_worst,tree_controlled,0.1826890576271186,0.6945458952811895
concave_points_worst,tree_controlled,0.18637949152542369,0.6945458952811895
concave_points_worst,tree_controlled,0.19006992542372875,0.6945458952811895
concave_points_worst,tree_controlled,0.19376035932203384,0.6945458952811895
concave_points_worst,tree_controlled,0.19745079322033893,0.6945458952811895
concave_points_worst,tree_controlled,0.20114122711864402,0.6945458952811895
concave_points_worst,tree_controlled,0.2048316610169491,0.6945458952811895
concave_points_worst,tree_controlled,0.20852209491525417,0.6945458952811895
concave_points_worst,tree_controlled,0.21221252881355926,0.6945458952811895
concave_points_worst,tree_controlled,0.21590296271186435,0.6945458952811895
concave_points_worst,tree_controlled,0.21959339661016944,0.6945458952811895
concave_points_worst,tree_controlled,0.2232838305084745,0.6945458952811895
concave_points_worst,tree_controlled,0.2269742644067796,0.6945458952811895
concave_points_worst,tree_controlled,0.23066469830508468,0.6945458952811895
concave_points_worst,tree_controlled,0.23435513220338977,0.6945458952811895
concave_points_worst,tree_controlled,0.23804556610169483,0.6945458952811895
concave_points_worst,tree_controlled,0.24173599999999992,0.6945458952811895
radius_worst,random_forest,10.5196,0.33522344322344316
radius_worst,random_forest,10.776840677966103,0.33522344322344316
radius_worst,random_forest,11.034081355932203,0.33522344322344316
radius_worst,random_forest,11.291322033898306,0.33522344322344316
radius_worst,random_forest,11.548562711864408,0.33522344322344316
radius_worst,random_forest,11.805803389830508,0.3353186813186813
radius_worst,random_forest,12.06304406779661,0.33652014652014656
radius_worst,random_forest,12.320284745762713,0.33652014652014656
radius_worst,random_forest,12.577525423728813,0.3375311355311355
radius_worst,random_forest,12.834766101694916,0.33894505494505495
radius_worst,random_forest,13.092006779661016,0.33895970695970695
radius_worst,random_forest,13.349247457627119,0.33920879120879127
radius_worst,random_forest,13.60648813559322,0.3404615384615384
radius_worst,random_forest,13.863728813559323,0.3404615384615384
radius_worst,random_forest,14.120969491525424,0.3404615384615384
radius_worst,random_forest,14.378210169491526,0.34093040293040294
radius_worst,random_forest,14.635450847457626,0.350029304029304
radius_worst,random_forest,14.892691525423729,0.35315018315018315
radius_worst,random_forest,15.149932203389831,0.3574798534798535
radius_worst,random_forest,15.407172881355933,0.3596410256410257
radius_worst,random_forest,15.664413559322034,0.36603663003663006
radius_worst,random_forest,15.921654237288136,0.378996336996337
radius_worst,random_forest,16.178894915254237,0.3807106227106227
radius_worst,random_forest,16.43613559322034,0.3865860805860806
radius_worst,random_forest,16.69337627118644,0.38824908424908433
radius_worst,random_forest,16.950616949152543,0.43843956043956045
radius_worst,random_forest,17.207857627118642,0.44430769230769235
radius_worst,random_forest,17.465098305084744,0.45073260073260074
radius_worst,random_forest,17.722338983050847,0.4705934065934066
radius_worst,random_forest,17.97957966101695,0.470959706959707
radius_worst,random_forest,18.23682033898305,0.47106227106227117
radius_worst,random_forest,18.494061016949153,0.4726520146520147
radius_worst,random_forest,18.751301694915256,0.47445421245421243
radius_worst,random_forest,19.008542372881358,0.47445421245421243
radius_worst,random_forest,19.265783050847457,0.4760512820512821
radius_worst,random_forest,19.52302372881356,0.47609523809523807
radius_worst,random_forest,19.78026440677966,0.47609523809523807
radius_worst,random_forest,20.03750508474576,0.47645421245421243
radius_worst,random_forest,20.294745762711862,0.47821245421245423
radius_worst,random_forest,20.551986440677965,0.47821245421245423
radius_worst,random_forest,20.809227118644067,0.4782564102564103
radius_worst,random_forest,21.06646779661017,0.4782564102564103
radius_worst,random_forest,21.32370847457627,0.47838095238095235
radius_worst,random_forest,21.580949152542374,0.47838095238095235
radius_worst,random_forest,21.838189830508476,0.47838095238095235
radius_worst,random_forest,22.09543050847458,0.47838095238095235
radius_worst,random_forest,22.352671186440677,0.47838095238095235
radius_worst,random_forest,22.60991186440678,0.47838095238095235
radius_worst,random_forest,22.86715254237288,0.47838095238095235
radius_worst,random_forest,23.12439322033898,0.47838095238095235
radius_worst,random_forest,23.381633898305083,0.47838095238095235
radius_worst,random_forest,23.638874576271185,0.47838095238095235
radius_worst,random_forest,23.896115254237287,0.47838095238095235
radius_worst,random_forest,24.15335593220339,0.47838095238095235
radius_worst,random_forest,24.410596610169492,0.47838095238095235
radius_worst,random_forest,24.667837288135594,0.47838095238095235
radius_worst,random_forest,24.925077966101696,0.47838095238095235
radius_worst,random_forest,25.182318644067795,0.47838095238095235
radius_worst,random_forest,25.439559322033897,0.47838095238095235
radius_worst,random_forest,25.6968,0.47838095238095235
radius_worst,tree_controlled,10.5196,0.27592167636285286
radius_worst,tree_controlled,10.776840677966103,0.27592167636285286
radius_worst,tree_controlled,11.034081355932203,0.27592167636285286
radius_worst,tree_controlled,11.291322033898306,0.27592167636285286
radius_worst,tree_controlled,11.548562711864408,0.27592167636285286
radius_worst,tree_controlled,11.805803389830508,0.27592167636285286
radius_worst,tree_controlled,12.06304406779661,0.27592167636285286
radius_worst,tree_controlled,12.320284745762713,0.27592167636285286
radius_worst,tree_controlled,12.577525423728813,0.27592167636285286
radius_worst,tree_controlled,12.834766101694916,0.27592167636285286
radius_worst,tree_controlled,13.092006779661016,0.27592167636285286
radius_worst,tree_controlled,13.349247457627119,0.27592167636285286
radius_worst,tree_controlled,13.60648813559322,0.27592167636285286
radius_worst,tree_controlled,13.863728813559323,0.27592167636285286
radius_worst,tree_controlled,14.120969491525424,0.27592167636285286
radius_worst,tree_controlled,14.378210169491526,0.27592167636285286
radius_worst,tree_controlled,14.635450847457626,0.27592167636285286
radius_worst,tree_controlled,14.892691525423729,0.27592167636285286
radius_worst,tree_controlled,15.149932203389831,0.27592167636285286
radius_worst,tree_controlled,15.407172881355933,0.27592167636285286
radius_worst,tree_controlled,15.664413559322034,0.27592167636285286
radius_worst,tree_controlled,15.921654237288136,0.27592167636285286
radius_worst,tree_controlled,16.178894915254237,0.27592167636285286
radius_worst,tree_controlled,16.43613559322034,0.27592167636285286
radius_worst,tree_controlled,16.69337627118644,0.27592167636285286
radius_worst,tree_controlled,16.950616949152543,0.8641483516483517
radius_worst,tree_controlled,17.207857627118642,0.8641483516483517
radius_worst,tree_controlled,17.465098305084744,0.8641483516483517
radius_worst,tree_controlled,17.722338983050847,0.8641483516483517
radius_worst,tree_controlled,17.97957966101695,0.8641483516483517
radius_worst,tree_controlled,18.23682033898305,0.8641483516483517
radius_worst,tree_controlled,18.494061016949153,0.8641483516483517
radius_worst,tree_controlled,18.751301694915256,0.8641483516483517
radius_worst,tree_controlled,19.008542372881358,0.8641483516483517
radius_worst,tree_controlled,19.265783050847457,0.8641483516483517
radius_worst,tree_controlled,19.52302372881356,0.8641483516483517
radius_worst,tree_controlled,19.78026440677966,0.8641483516483517
radius_worst,tree_controlled,20.03750508474576,0.8641483516483517
radius_worst,tree_controlled,20.294745762711862,0.8641483516483517
radius_worst,tree_controlled,20.551986440677965,0.8641483516483517
radius_worst,tree_controlled,20.809227118644067,0.8641483516483517
radius_worst,tree_controlled,21.06646779661017,0.8641483516483517
radius_worst,tree_controlled,21.32370847457627,0.8641483516483517
radius_worst,tree_controlled,21.580949152542374,0.8641483516483517
radius_worst,tree_controlled,21.838189830508476,0.8641483516483517
radius_worst,tree_controlled,22.09543050847458,0.8641483516483517
radius_worst,tree_controlled,22.352671186440677,0.8641483516483517
radius_worst,tree_controlled,22.60991186440678,0.8641483516483517
radius_worst,tree_controlled,22.86715254237288,0.8641483516483517
radius_worst,tree_controlled,23.12439322033898,0.8641483516483517
radius_worst,tree_controlled,23.381633898305083,0.8641483516483517
radius_worst,tree_controlled,23.638874576271185,0.8641483516483517
radius_worst,tree_controlled,23.896115254237287,0.8641483516483517
radius_worst,tree_controlled,24.15335593220339,0.8641483516483517
radius_worst,tree_controlled,24.410596610169492,0.8641483516483517
radius_worst,tree_controlled,24.667837288135594,0.8641483516483517
radius_worst,tree_controlled,24.925077966101696,0.8641483516483517
radius_worst,tree_controlled,25.182318644067795,0.8641483516483517
radius_worst,tree_controlled,25.439559322033897,0.8641483516483517
radius_worst,tree_controlled,25.6968,0.8641483516483517
