seed,model,q_macro_f1,recall_malignant,oof_macro_f1
42,dummy,0.38513513513513514,0.0,0.38513513513513514
42,tree_unrestricted,0.9119139358722382,0.9235294117647058,0.9119725480612577
42,tree_controlled,0.9256553162717001,0.9352941176470587,0.9257142857142857
42,random_forest,0.9601856883992236,0.9529411764705881,0.9601348252065414
42,hist_gb,0.9670380924766959,0.9470588235294117,0.9669715447154472
43,dummy,0.38513513513513514,0.0,0.38513513513513514
43,tree_unrestricted,0.9210414499178882,0.9235294117647059,0.9209003149670716
43,tree_controlled,0.9227331404728801,0.9117647058823529,0.9227945146312493
43,random_forest,0.9509636890106895,0.9411764705882353,0.9507547840786688
43,hist_gb,0.955264630944388,0.9352941176470588,0.9552306823890089
44,dummy,0.38513513513513514,0.0,0.38513513513513514
44,tree_unrestricted,0.9043080196834528,0.8941176470588236,0.9042965243042196
44,tree_controlled,0.9277344568040903,0.9235294117647059,0.9276388354495319
44,random_forest,0.953087921018334,0.9411764705882353,0.9530443756449949
44,hist_gb,0.9439566947265481,0.9411764705882353,0.9439148656422056
45,dummy,0.38513513513513514,0.0,0.38513513513513514
45,tree_unrestricted,0.9272448258725869,0.9176470588235294,0.9274736349566282
45,tree_controlled,0.9214893117327436,0.8941176470588236,0.9222427641493312
45,random_forest,0.9529412176293439,0.9352941176470587,0.9529316837009145
45,hist_gb,0.9573523112125389,0.9294117647058824,0.9574288922155689
46,dummy,0.38513513513513514,0.0,0.38513513513513514
46,tree_unrestricted,0.9340483135370988,0.9058823529411765,0.9339430894308942
46,tree_controlled,0.916828626175312,0.8764705882352942,0.9171181580193712
46,random_forest,0.948225000864151,0.9235294117647059,0.9480981416957026
46,hist_gb,0.962296751876794,0.9352941176470588,0.9621590153027278
47,dummy,0.38513513513513514,0.0,0.38513513513513514
47,tree_unrestricted,0.9044355039063792,0.8941176470588236,0.9042965243042196
47,tree_controlled,0.9031766283245519,0.8705882352941178,0.9033925251552297
47,random_forest,0.9553962362117625,0.9411764705882353,0.9553389230713596
47,hist_gb,0.9596628415778543,0.9294117647058824,0.9597431053236947
48,dummy,0.38513513513513514,0.0,0.38513513513513514
48,tree_unrestricted,0.9315579063954331,0.9,0.9314990266061
48,tree_controlled,0.9219287974320995,0.8941176470588236,0.9222427641493312
48,random_forest,0.9578142469572842,0.9470588235294117,0.9577399380804954
48,hist_gb,0.9622031729597309,0.9352941176470587,0.9621590153027278
49,dummy,0.38513513513513514,0.0,0.38513513513513514
49,tree_unrestricted,0.9128866496587829,0.8823529411764707,0.9128176446522804
49,tree_controlled,0.9189800493150017,0.8705882352941176,0.9191745036572623
49,random_forest,0.9671805852514117,0.9588235294117646,0.9671310629514964
49,hist_gb,0.9669592071946098,0.9470588235294117,0.9669715447154472
50,dummy,0.38513513513513514,0.0,0.38513513513513514
50,tree_unrestricted,0.929286204222335,0.9117647058823529,0.9295665634674922
50,tree_controlled,0.9237954828333482,0.8882352941176471,0.9243180306054557
50,random_forest,0.9574374876673429,0.9352941176470588,0.9575348432055749
50,hist_gb,0.9549154761173018,0.9235294117647058,0.9550070000676586
51,dummy,0.38513513513513514,0.0,0.38513513513513514
51,tree_unrestricted,0.9153302265744884,0.8882352941176471,0.915277030661646
51,tree_controlled,0.901779210324511,0.8352941176470587,0.9018803418803418
51,random_forest,0.9455143613623587,0.9235294117647058,0.9458055628919582
51,hist_gb,0.9384127741253963,0.9058823529411765,0.9385083998669328
52,dummy,0.38513513513513514,0.0,0.38513513513513514
52,tree_unrestricted,0.9227505813284994,0.9117647058823529,0.9227945146312493
52,tree_controlled,0.9314858030502542,0.9058823529411765,0.931667883646382
52,random_forest,0.9622906941117157,0.9411764705882353,0.962253193960511
52,hist_gb,0.964683032542229,0.9470588235294117,0.9646558018860596
