index,subset,target_sklearn,y_malignant
0,train,0,1
1,test,0,1
2,train,0,1
3,train,0,1
4,train,0,1
5,train,0,1
6,train,0,1
7,train,0,1
8,train,0,1
9,train,0,1
10,train,0,1
11,train,0,1
12,train,0,1
13,train,0,1
14,test,0,1
15,train,0,1
16,train,0,1
17,train,0,1
18,train,0,1
19,train,1,0
20,test,1,0
21,train,1,0
22,train,0,1
23,test,0,1
24,test,0,1
25,train,0,1
26,train,0,1
27,train,0,1
28,train,0,1
29,train,0,1
30,train,0,1
31,train,0,1
32,train,0,1
33,train,0,1
34,train,0,1
35,train,0,1
36,train,0,1
37,train,1,0
38,train,0,1
39,train,0,1
40,train,0,1
41,test,0,1
42,train,0,1
43,train,0,1
44,train,0,1
45,train,0,1
46,train,1,0
47,train,0,1
48,train,1,0
49,train,1,0
50,train,1,0
51,test,1,0
52,train,1,0
53,train,0,1
54,train,0,1
55,train,1,0
56,train,0,1
57,train,0,1
58,train,1,0
59,train,1,0
60,train,1,0
61,train,1,0
62,train,0,1
63,train,1,0
64,test,0,1
65,train,0,1
66,train,1,0
67,train,1,0
68,train,1,0
69,train,1,0
70,test,0,1
71,train,1,0
72,train,0,1
73,test,0,1
74,train,1,0
75,train,0,1
76,train,1,0
77,test,0,1
78,train,0,1
79,train,1,0
80,train,1,0
81,train,1,0
82,train,0,1
83,test,0,1
84,train,1,0
85,test,0,1
86,train,0,1
87,train,0,1
88,train,1,0
89,train,1,0
90,train,1,0
91,train,0,1
92,train,1,0
93,train,1,0
94,train,0,1
95,test,0,1
96,train,1,0
97,train,1,0
98,train,1,0
99,train,0,1
100,train,0,1
101,train,1,0
102,test,1,0
103,train,1,0
104,test,1,0
105,train,0,1
106,train,1,0
107,train,1,0
108,train,0,1
109,train,1,0
110,train,1,0
111,train,1,0
112,train,1,0
113,train,1,0
114,train,1,0
115,train,1,0
116,train,1,0
117,train,0,1
118,train,0,1
119,train,0,1
120,train,1,0
121,test,0,1
122,train,0,1
123,train,1,0
124,train,1,0
125,train,1,0
126,train,0,1
127,test,0,1
128,test,1,0
129,train,0,1
130,train,1,0
131,train,0,1
132,train,0,1
133,train,1,0
134,train,0,1
135,train,0,1
136,train,1,0
137,train,1,0
138,train,0,1
139,train,1,0
140,test,1,0
141,train,0,1
142,train,1,0
143,train,1,0
144,train,1,0
145,train,1,0
146,train,0,1
147,train,1,0
148,train,1,0
149,train,1,0
150,test,1,0
151,train,1,0
152,train,1,0
153,train,1,0
154,train,1,0
155,train,1,0
156,train,0,1
157,train,1,0
158,test,1,0
159,train,1,0
160,train,1,0
161,train,0,1
162,train,0,1
163,train,1,0
164,train,0,1
165,train,1,0
166,train,1,0
167,test,0,1
168,test,0,1
169,train,1,0
170,train,1,0
171,train,0,1
172,train,0,1
173,train,1,0
174,train,1,0
175,train,1,0
176,train,1,0
177,train,0,1
178,train,1,0
179,train,1,0
180,test,0,1
181,train,0,1
182,train,0,1
183,train,1,0
184,train,0,1
185,train,1,0
186,train,0,1
187,train,1,0
188,train,1,0
189,train,1,0
190,train,0,1
191,train,1,0
192,train,1,0
193,train,0,1
194,test,0,1
195,train,1,0
196,train,0,1
197,train,0,1
198,test,0,1
199,test,0,1
200,test,1,0
201,train,0,1
202,train,0,1
203,test,0,1
204,test,1,0
205,test,0,1
206,test,1,0
207,train,0,1
208,train,1,0
209,train,1,0
210,train,0,1
211,train,1,0
212,train,0,1
213,train,0,1
214,train,0,1
215,train,0,1
216,train,1,0
217,test,1,0
218,train,0,1
219,train,0,1
220,train,1,0
221,train,1,0
222,train,1,0
223,test,0,1
224,train,1,0
225,train,1,0
226,train,1,0
227,train,1,0
228,test,1,0
229,train,0,1
230,train,0,1
231,test,1,0
232,train,1,0
233,train,0,1
234,train,1,0
235,test,1,0
236,train,0,1
237,test,0,1
238,train,1,0
239,train,0,1
240,train,1,0
241,train,1,0
242,test,1,0
243,train,1,0
244,train,0,1
245,train,1,0
246,test,1,0
247,test,1,0
248,train,1,0
249,train,1,0
250,train,0,1
251,train,1,0
252,train,0,1
253,train,0,1
254,train,0,1
255,train,0,1
256,test,0,1
257,test,0,1
258,train,0,1
259,train,0,1
260,train,0,1
261,test,0,1
262,train,0,1
263,train,0,1
264,train,0,1
265,train,0,1
266,test,1,0
267,test,1,0
268,train,1,0
269,test,1,0
270,train,1,0
271,train,1,0
272,train,0,1
273,train,1,0
274,train,0,1
275,test,1,0
276,train,1,0
277,train,0,1
278,train,1,0
279,train,1,0
280,train,0,1
281,train,1,0
282,train,0,1
283,train,0,1
284,test,1,0
285,train,1,0
286,train,1,0
287,train,1,0
288,test,1,0
289,train,1,0
290,train,1,0
291,test,1,0
292,test,1,0
293,train,1,0
294,train,1,0
295,test,1,0
296,test,1,0
297,train,0,1
298,test,1,0
299,train,1,0
300,train,0,1
301,train,1,0
302,train,0,1
303,train,1,0
304,train,1,0
305,train,1,0
306,train,1,0
307,test,1,0
308,test,1,0
309,train,1,0
310,test,1,0
311,train,1,0
312,train,1,0
313,train,1,0
314,train,1,0
315,train,1,0
316,test,1,0
317,train,0,1
318,train,1,0
319,train,1,0
320,train,1,0
321,test,0,1
322,train,1,0
323,train,0,1
324,train,1,0
325,train,1,0
326,train,1,0
327,train,1,0
328,test,0,1
329,train,0,1
330,train,0,1
331,train,1,0
332,train,1,0
333,train,1,0
334,train,1,0
335,train,0,1
336,train,1,0
337,train,0,1
338,train,1,0
339,train,0,1
340,test,1,0
341,train,1,0
342,train,1,0
343,test,0,1
344,test,1,0
345,train,1,0
346,train,1,0
347,train,1,0
348,train,1,0
349,train,1,0
350,train,1,0
351,train,0,1
352,train,0,1
353,test,0,1
354,test,1,0
355,train,1,0
356,train,1,0
357,train,1,0
358,test,1,0
359,test,1,0
360,train,1,0
361,test,1,0
362,train,1,0
363,test,1,0
364,train,1,0
365,train,0,1
366,train,0,1
367,train,1,0
368,train,0,1
369,train,0,1
370,train,0,1
371,train,1,0
372,train,0,1
373,train,0,1
374,train,1,0
375,test,1,0
376,train,1,0
377,train,1,0
378,train,1,0
379,train,0,1
380,train,1,0
381,train,1,0
382,train,1,0
383,train,1,0
384,train,1,0
385,test,0,1
386,train,1,0
387,train,1,0
388,train,1,0
389,train,0,1
390,train,1,0
391,train,1,0
392,train,0,1
393,train,0,1
394,train,1,0
395,train,1,0
396,train,1,0
397,train,1,0
398,train,1,0
399,test,1,0
400,train,0,1
401,train,1,0
402,train,1,0
403,train,1,0
404,train,1,0
405,train,1,0
406,test,1,0
407,train,1,0
408,test,0,1
409,train,1,0
410,train,1,0
411,train,1,0
412,train,1,0
413,train,1,0
414,train,0,1
415,test,1,0
416,train,1,0
417,test,0,1
418,train,1,0
419,train,1,0
420,train,1,0
421,train,1,0
422,train,1,0
423,test,1,0
424,train,1,0
425,train,1,0
426,train,1,0
427,train,1,0
428,test,1,0
429,train,1,0
430,train,0,1
431,test,1,0
432,train,0,1
433,test,0,1
434,test,1,0
435,train,0,1
436,train,1,0
437,train,1,0
438,train,1,0
439,test,1,0
440,train,1,0
441,train,0,1
442,train,1,0
443,train,1,0
444,train,0,1
445,test,1,0
446,train,0,1
447,train,1,0
448,train,1,0
449,train,0,1
450,train,1,0
451,train,0,1
452,test,1,0
453,train,1,0
454,train,1,0
455,train,1,0
456,train,1,0
457,train,1,0
458,train,1,0
459,train,1,0
460,train,0,1
461,test,0,1
462,train,1,0
463,train,1,0
464,test,1,0
465,train,1,0
466,train,1,0
467,test,1,0
468,test,0,1
469,train,1,0
470,train,1,0
471,train,1,0
472,train,1,0
473,train,1,0
474,train,1,0
475,train,1,0
476,train,1,0
477,train,1,0
478,train,1,0
479,train,0,1
480,train,1,0
481,train,1,0
482,train,1,0
483,test,1,0
484,train,1,0
485,train,1,0
486,train,1,0
487,train,0,1
488,test,1,0
489,train,0,1
490,train,1,0
491,train,1,0
492,train,0,1
493,train,1,0
494,train,1,0
495,test,1,0
496,test,1,0
497,train,1,0
498,train,0,1
499,train,0,1
500,train,1,0
501,test,0,1
502,train,1,0
503,train,0,1
504,test,1,0
505,train,1,0
506,train,1,0
507,test,1,0
508,train,1,0
509,train,0,1
510,train,1,0
511,train,1,0
512,train,0,1
513,train,1,0
514,train,0,1
515,train,1,0
516,test,0,1
517,train,0,1
518,test,1,0
519,test,1,0
520,train,1,0
521,train,0,1
522,train,1,0
523,test,1,0
524,train,1,0
525,train,1,0
526,test,1,0
527,test,1,0
528,test,1,0
529,train,1,0
530,train,1,0
531,train,1,0
532,train,1,0
533,train,0,1
534,train,1,0
535,test,0,1
536,train,0,1
537,test,1,0
538,train,1,0
539,train,1,0
540,test,1,0
541,test,1,0
542,test,1,0
543,train,1,0
544,train,1,0
545,train,1,0
546,train,1,0
547,train,1,0
548,train,1,0
549,test,1,0
550,train,1,0
551,train,1,0
552,train,1,0
553,test,1,0
554,train,1,0
555,train,1,0
556,train,1,0
557,train,1,0
558,train,1,0
559,train,1,0
560,train,1,0
561,train,1,0
562,train,0,1
563,train,0,1
564,test,0,1
565,train,0,1
566,train,0,1
567,test,0,1
568,test,1,0
