max_depth,min_samples_leaf,train_f1,val_f1,val_f1_std,gap,mean_depth,mean_leaves,mean_nodes
2,1,0.9561697222250345,0.9251380804701833,0.03347229112725226,0.03103164175485118,2.0,4.0,7.0
2,2,0.9561697222250345,0.9251380804701833,0.03347229112725226,0.03103164175485118,2.0,4.0,7.0
2,4,0.9550986039427094,0.922218988801653,0.03296227373815332,0.03287961514105642,2.0,4.0,7.0
2,8,0.9513760080674072,0.9198074708882394,0.03173289708651708,0.031568537179167744,2.0,4.0,7.0
2,16,0.9441156822317736,0.9206922681828624,0.035773831170587696,0.02342341404891113,2.0,4.0,7.0
3,1,0.9753393503493862,0.9141924714349559,0.02700540494884282,0.06114687891443038,3.0,7.35,13.7
3,2,0.9729371592076221,0.9121776745504127,0.03001742758540139,0.060759484657209484,3.0,7.3,13.6
3,4,0.9685923270053183,0.916254016354913,0.029069206323460467,0.052338310650405284,3.0,7.2,13.4
3,8,0.9606016719480511,0.9178848245432281,0.03185176437661324,0.042716847404823066,3.0,6.5,12.0
3,16,0.9453666490270416,0.9240096267114886,0.03170808216443505,0.02135702231555303,3.0,5.6,10.2
4,1,0.9879067414748247,0.9245155032948539,0.024369164167508547,0.06339123817997083,4.0,10.8,20.6
4,2,0.9836016237376315,0.923869311003563,0.02387321769836824,0.05973231273406854,4.0,10.6,20.2
4,4,0.9746994766013829,0.9205299277565985,0.022917847335125963,0.05416954884478442,4.0,9.7,18.4
4,8,0.9620024281228119,0.9157505584030876,0.03253536687966863,0.04625186971972428,4.0,8.3,15.6
4,16,0.9453666490270416,0.9240096267114886,0.03170808216443505,0.02135702231555303,3.9,6.6,12.2
5,1,0.9926337250151087,0.9189405255778362,0.02589159448008659,0.07369319943727248,5.0,13.25,25.5
5,2,0.9865635603706846,0.9214444052265348,0.023556623821959707,0.06511915514414979,5.0,12.55,24.1
5,4,0.97573518666082,0.9223219463601456,0.024354489402644012,0.0534132403006744,4.9,11.05,21.1
5,8,0.9617067023353606,0.9184926442827652,0.030921478640976177,0.04321405805259537,4.8,9.1,17.2
5,16,0.9453666490270416,0.9240096267114886,0.03170808216443505,0.02135702231555303,3.95,6.65,12.3
6,1,0.9972060520873726,0.9141839355901287,0.02399562864040033,0.08302211649724389,5.95,15.0,29.0
6,2,0.9877551970298437,0.9198554247648332,0.026762931763596898,0.06789977226501054,5.85,13.7,26.4
6,4,0.9758924917862997,0.920585118553889,0.02251698340129945,0.05530737323241064,5.65,11.95,22.9
6,8,0.9617067023353606,0.9184926442827652,0.030921478640976177,0.04321405805259537,4.85,9.15,17.3
6,16,0.9453666490270416,0.9240096267114886,0.03170808216443505,0.02135702231555303,3.95,6.65,12.3
None,1,1.0,0.9089429236489718,0.026210367144566874,0.09105707635102822,6.9,16.25,31.5
None,2,0.9881987919335872,0.9186009653436699,0.028376764416471315,0.06959782658991731,6.3,14.15,27.3
None,4,0.9758924917862997,0.920585118553889,0.02251698340129945,0.05530737323241064,5.75,12.05,23.1
None,8,0.9617067023353606,0.9184926442827652,0.030921478640976177,0.04321405805259537,4.85,9.15,17.3
None,16,0.9453666490270416,0.9240096267114886,0.03170808216443505,0.02135702231555303,3.95,6.65,12.3
