object_id,y_true,score_raw,score_calibrated,fold
546,0,5.37701786815029e-05,0.002401445605875385,0
432,1,0.9999830716948157,0.9976002679422579,3
174,0,6.069236717892301e-06,0.0008889813854768552,4
221,0,0.01249627888413126,0.08393315006434826,2
289,0,0.0005873581144912671,0.013734607878115696,3
147,0,0.014622148704444008,0.0691989337310777,1
462,0,0.04131569277745167,0.12801678333998484,4
192,0,1.9401417088350456e-07,0.0001245888211189371,4
116,0,1.7234968363302783e-06,0.000525246737047257,2
513,0,0.07421079678523146,0.1499295800633307,0
249,0,0.0020538368647314846,0.023669703008333678,3
472,0,0.025253702162633763,0.09241380943619387,0
39,1,0.8039891329420503,0.6379364780862335,0
346,0,0.0017792954277392808,0.01845727596803019,4
517,1,0.9999562275394789,0.9955834587394636,3
510,0,8.637184798523123e-05,0.004507862153426228,2
28,1,0.9999851805908859,0.9975677658834199,2
142,0,0.001871757296506838,0.023100515958292805,2
253,1,0.9968851927008947,0.9499513089203786,2
369,1,0.9999999983617536,0.999976801105075,3
40,1,0.09150814902474984,0.18592501250344595,2
416,0,0.0005506120782879821,0.010365749207870508,0
183,0,1.9354027833415322e-05,0.0017684240310464217,3
533,1,0.9999952232754613,0.9983278527486311,2
349,0,0.0002595219834542448,0.006846543185223473,4
243,0,0.012948011729411167,0.07036554073017795,2
347,0,0.1636809012179925,0.21724507569151955,2
0,1,0.999999957076945,0.9999130816917425,0
37,0,4.719729829659174e-05,0.002975642439098219,0
413,0,0.7391821497206007,0.5924876618125497,1
520,0,0.0012102776424765325,0.014950201047784911,1
521,1,0.999999999630423,0.9999951304995659,0
69,0,0.0009356719123262778,0.011106058603477317,1
322,0,0.005976609505264432,0.04503974212194426,3
213,1,0.640677973792833,0.49570564148763446,0
141,1,0.9821695320297288,0.8719795474651838,0
352,1,0.9999999999994409,0.9999998082417423,3
558,0,0.022534764684784492,0.08739921029567412,0
400,1,0.9999935391810758,0.9984195559057514,2
281,0,0.005610030257705706,0.02849669349557547,1
79,0,0.00970214446191315,0.04750364012674322,1
557,0,0.0006140439737673705,0.008739471841961593,4
489,1,0.8322240595142576,0.6372139915568104,2
466,0,0.155908020306241,0.2351215684695915,4
5,1,0.9292852346870272,0.7835364967587855,1
191,0,0.0039897203118248745,0.032912483753716255,1
436,0,0.014067598856898032,0.057582599028979664,4
99,1,0.48355971913230344,0.44245573881604194,0
222,0,0.0002819531885457868,0.008001036891933022,2
264,1,0.9998828562676418,0.9912196102681423,2
441,1,0.9996647381269655,0.9819187485405169,2
62,1,0.9986230294755956,0.9662237227684535,2
81,0,0.35973420610993284,0.39427025785218733,2
19,0,0.08038611317079024,0.15696481589201175,0
159,0,6.741632895815776e-05,0.002279821159370224,1
377,0,0.04748816532258909,0.1280472011901925,3
103,0,0.004611379760951955,0.02758163390575205,1
197,1,0.7783504471364143,0.6381511805669705,1
216,0,0.03235560146867231,0.09535089927066527,1
208,0,0.2565342244649343,0.34968887852877434,3
248,0,0.039422625225115714,0.11510115301224601,3
387,0,0.0005635896359931121,0.010435735934333548,0
72,1,0.9999906616214883,0.9982742952785918,2
485,0,0.011267778550924631,0.05415691747898018,0
145,0,3.916193552122422e-05,0.002525622250111811,0
522,0,9.967106853662118e-05,0.0046861363009405065,2
265,1,0.9999999999995364,0.9999987248379365,2
437,0,0.022118320260257836,0.06506778132115443,1
98,0,0.000756799602518741,0.014304173603624418,3
414,1,0.9246035977201753,0.7355007047205012,2
229,1,0.9628283129177733,0.8357147759227325,0
364,0,0.0021788001785908832,0.02630070583042675,3
74,0,0.002305540521411592,0.022681702411741726,4
2,1,0.9999997557914305,0.9997424038680665,4
21,0,3.258504431376645e-05,0.0013816579263829572,1
80,0,0.03134696310080416,0.09276328749277356,3
178,0,0.0002535995321802535,0.0077114965111472755,4
454,0,0.009013719898336782,0.0540535978055233,3
547,0,0.00014003972348862443,0.0036518097892717983,1
366,1,0.9999998431296373,0.9997977544147577,0
259,1,0.9999895712164742,0.9982371714460854,2
171,1,0.9110283577771486,0.6888747752193544,2
156,1,0.9998078110018731,0.9888632609592891,4
262,1,0.9982741697787474,0.9509600273330884,3
109,0,0.03425419902933445,0.08646129273164875,0
113,0,0.000176596838126852,0.005892405673052461,2
22,1,0.9943579584720578,0.9479612777803621,4
563,1,0.9999999990341923,0.9999738180309926,2
425,0,7.786369845253872e-05,0.002970665268372079,4
82,1,0.9999999999939377,0.9999994560941037,4
539,0,0.00011671211783877473,0.004856896052438998,4
129,1,0.9999916632768899,0.99873710245567,1
345,0,7.328046105478898e-06,0.0007402834302898392,4
177,1,0.9944523344089974,0.9322246257288166,2
271,0,0.00015890977898135072,0.004759480010065255,0
525,0,9.67742524066087e-05,0.003056305811446603,1
398,0,0.00010018982995580081,0.00449974559303002,2
210,1,0.9999989838582539,0.9994217975275967,0
420,0,0.0050588275329106385,0.03913947947476197,2
214,1,0.9977516967897525,0.9669755035429556,1
455,0,0.6479571576446408,0.49588422121314246,4
105,1,0.9881176132748415,0.8930364648006824,4
68,0,0.4076706470458759,0.33531808525849366,0
351,1,0.9985138907697519,0.9693493256111293,2
175,0,8.940751881057879e-07,0.0003140748333061297,3
285,0,0.00019923275386630814,0.006986524989328073,2
195,0,0.002600519020642743,0.024861103639838258,0
272,1,0.9999999862938871,0.9999567752062338,1
124,0,0.0003653058674787679,0.008967817438625044,0
403,0,0.0032581456091220914,0.02737642108111137,1
89,0,0.3482215746685298,0.353928273565077,0
30,1,0.9999999424713555,0.9999019148314211,4
181,1,0.9999999983262757,0.9999901976603685,4
536,1,0.7190963379934224,0.5936525508103035,2
71,0,9.995426804968586e-09,2.3574077716381644e-05,0
299,0,8.526710458594661e-05,0.0027927986463616244,1
529,0,0.0010577142960644106,0.014332176370571667,4
94,1,0.9967209386716191,0.9404387833911975,2
25,1,0.999999643274238,0.9989129894748948,3
530,0,0.028094182357798928,0.09196975752991875,1
278,0,0.005446113864472463,0.039357237553631075,2
88,0,0.08007598072827957,0.16279202217979213,3
189,0,0.00015560325888239833,0.008287701733409786,2
239,1,0.9999996665658096,0.9997444222906218,4
143,0,0.019528680055771092,0.07167240208456839,1
435,1,0.9633181765674382,0.8269820810788215,2
370,1,0.9999850154199064,0.9978871154388175,0
362,0,0.004475787368560188,0.03875589365312997,3
339,1,0.9999999999946607,0.9999981721106656,2
419,0,0.0027299560606913373,0.022955304738790216,4
50,0,0.0011897790907192585,0.01356059186267472,0
137,0,0.0003761551374949576,0.01108219390043927,2
277,1,0.96267342618397,0.8220359189929711,1
402,0,0.0008346461226373182,0.016400196613771127,3
545,0,0.04642823875726583,0.11251891703993143,1
65,1,0.9948059085890231,0.9406933176844362,2
136,0,0.005678822033222675,0.03931751529541907,2
15,1,0.9999002772504242,0.9943894959264371,4
97,0,6.861761472906089e-05,0.0023093327855022287,4
481,0,0.04372024298744704,0.11369573626221918,3
18,1,0.9999999937715713,0.999953516167373,3
482,0,0.009160712719142582,0.0535279567760722,0
342,0,0.0015538299469835606,0.016034361978097284,1
274,1,0.9968895164462763,0.9493379008433642,3
334,0,0.0007761123673630792,0.013251482113902327,3
538,0,2.2622740122517853e-05,0.001480994875011252,0
325,0,0.0017272126555674839,0.020406688773966775,4
138,1,0.9993321169219825,0.8987256904006825,3
305,0,0.001609596216988022,0.019467289911201183,1
54,1,0.9371420635240545,0.7662729173594937,2
476,0,0.1803536719667888,0.2524455804134629,1
424,0,0.004243011507536532,0.022245881870509243,4
350,0,0.00029789642723942284,0.007191250541375473,2
122,1,0.99999999996499,0.9999956791741141,3
119,1,0.9953315043492919,0.948457858563548,3
154,0,0.061721978326898796,0.14628033460660886,3
241,0,0.00012270601473547213,0.005540971725650952,2
35,1,0.999912319743073,0.995312583117289,1
410,0,0.030123794780543972,0.08503107000889047,0
55,0,0.003629656172938943,0.026762440197862242,4
302,1,0.9999999460992901,0.9998297847912961,4
465,0,0.17365081291578077,0.2692861906475901,1
111,0,0.01105003731551894,0.05195863572325307,3
367,0,0.020098611230243923,0.0767187537398134,4
190,1,0.7015091400712572,0.6009435200867723,2
238,0,0.546974106095641,0.46444099178566606,4
6,1,0.9999107868973305,0.9943389175457434,1
172,1,0.9888455981610833,0.911520618465771,4
451,1,0.9999693249467625,0.9960884048632335,4
250,1,0.9999999485700122,0.9999222220494653,1
294,0,0.0002885240822614295,0.009639209159927536,2
282,1,0.9999961377694887,0.998643894604764,2
47,1,0.9916167087092256,0.924302048563944,4
448,0,0.13890400580943357,0.22177623643784458,2
207,1,0.9896253372238233,0.8997515189159205,4
458,0,0.013855809157363763,0.07085354981466153,2
151,0,0.00032223469278418193,0.007544906341663982,4
169,0,0.028826922809660604,0.11220667517184242,2
505,0,0.000572933840107389,0.009234262842581142,3
442,0,0.00031294018072347085,0.005831699525975967,1
59,0,3.86371529191971e-05,0.002241679606371614,2
471,0,0.029276083683157806,0.0854160901021463,0
313,0,2.4783855748107995e-05,0.0016065271567247857,1
232,0,0.023906904156226857,0.0745487330083141,1
552,0,0.038367478995909796,0.10786959970216313,2
78,1,0.9999999990865265,0.9999920759658596,4
90,0,0.07876799809430092,0.1740907139502577,2
447,0,0.07551794093914323,0.1807846116675725,2
255,1,0.540040984267668,0.4910719259334944,3
531,0,0.022090269495706746,0.10088102362245605,2
135,1,0.16915345658608757,0.22672290865510944,3
144,0,2.7621226392162665e-05,0.0015767469588649355,1
157,0,0.5502386162293329,0.45679001582925016,2
395,0,0.0025995042207520615,0.028484091486186764,3
389,1,0.999982550568767,0.9954095164259008,2
114,0,0.0004133143174610882,0.010026000220079994,3
286,0,0.0037048345716800923,0.027210354538667252,4
215,1,0.462384908463412,0.4374865401232479,0
7,1,0.9153567462301797,0.730196803014084,0
245,0,0.016543050151683718,0.05709877726999224,2
280,1,0.9999999245825649,0.9998817191791572,0
153,0,8.825813743283139e-05,0.0035073518779219163,4
323,1,0.9999999989183417,0.9999911968687973,4
443,0,8.013765342213835e-05,0.002910998838046744,1
457,0,0.05719333848916566,0.14170414803643475,3
11,1,0.9987684184021407,0.9764313283227296,1
155,0,0.005117133531850021,0.03429529496175294,0
224,0,0.02098829159480279,0.07052017336987877,4
61,0,0.00020041882209811834,0.00706576118150766,3
125,0,0.003074051694119419,0.023944800385304627,1
107,0,0.0039077644475008,0.037137099534777784,3
544,0,0.008598829663666424,0.05278457920588701,3
148,0,0.1339073019733896,0.22344578659270206,3
270,0,0.00010068380815138118,0.005273288415331885,4
96,0,0.0005701605906213541,0.014233194257789098,3
297,1,0.0020909366085435145,0.018735572837844154,0
330,1,0.9692951348097241,0.8666550699274046,1
484,0,0.10056895685791283,0.18347967658308803,1
503,1,0.9999999995525108,0.999987099765086,1
532,0,0.006143982112995231,0.040160691167562344,4
226,0,8.063186127073711e-05,0.002577188672119379,1
511,0,0.0031549832525813544,0.02873969796256197,3
327,0,3.540173597592252e-05,0.0019243690003869342,0
554,0,0.08784185813251265,0.15266729352740033,0
360,0,0.00020163338078217348,0.005185879057173922,0
34,1,0.9993833870579777,0.9858955772884602,1
391,0,4.4693103189709585e-05,0.0024468606291429417,2
252,1,0.999999339006323,0.9996172442392011,0
373,1,0.9999973722445878,0.9989635623355987,3
48,0,0.006046687989068348,0.04717808615756597,3
163,0,0.009756641282458303,0.05688096622388191,2
338,0,0.0003326823857980335,0.007519134043369719,0
43,1,0.9336260063727166,0.7751876552528598,0
324,0,0.001268610381191954,0.013668217248693324,1
477,0,0.001427256286078231,0.020737481789078378,3
384,0,0.0012194775621229088,0.01997732982630233,3
45,1,0.9999958489764043,0.9988675732413185,3
490,0,0.020170430744824146,0.06946106428936484,0
379,1,0.9921540599994995,0.9437168626500644,4
478,0,0.0006711898521311399,0.01148878513111135,4
376,0,0.0008445205686123468,0.01245679525068912,3
179,0,0.00015876926093515427,0.004850056962174785,2
306,0,0.00018580322275562862,0.005508531809277119,0
258,1,0.9999997292522105,0.9994317570803739,1
449,1,0.9999994058155806,0.9996570195680857,0
407,0,0.0019634684007834406,0.01845528186270381,4
355,0,0.00302923644598827,0.02881506162278999,2
315,0,4.585669375341844e-05,0.0031355814339944833,3
84,0,0.008913165448870046,0.05062734007560186,0
392,1,0.9999734083530473,0.9960971738832206,1
430,1,0.995912128050353,0.9618244174372315,1
551,0,0.0013438676842651503,0.017266920771410278,4
469,0,0.25096446597521926,0.2802703144008203,1
42,1,0.9999999295624898,0.9998938214755565,4
186,1,0.9939859595477258,0.9352532285817965,1
396,0,0.31045409943127844,0.3438652073885314,4
404,0,0.00012808587438241703,0.005334015144309558,3
66,0,0.002067902926005332,0.01735282395799932,1
36,1,0.9700236118139639,0.8470675976687075,0
512,1,0.9959526178980705,0.9414134258621508,3
100,1,0.9677628323911379,0.8281806639718874,4
463,0,0.0029150518400523997,0.024058545346724868,0
438,0,0.016028429665124386,0.06075749487940083,1
166,0,1.759051193862815e-05,0.0017657194191811772,2
4,1,0.9999778895614162,0.9944268536540344,2
515,0,0.0041826497989873096,0.03615657811711749,3
311,0,0.0077634211717815356,0.04465286949654331,3
276,0,4.531958173567569e-05,0.002778470718611268,3
386,0,0.00028333437859843867,0.00681994128819554,0
304,0,0.00017370390456218878,0.004994755661605761,4
502,0,0.012386897916729126,0.058411142549578826,4
218,1,0.9999996664295026,0.9996835744258744,0
8,1,0.9975946707068964,0.9674996067488536,4
382,0,6.0569156344945036e-05,0.003412876112259861,0
38,1,0.7186760785860125,0.5453159050472786,1
450,0,0.00016436827456100883,0.005814202793670196,3
31,1,0.9870883114795016,0.8956101472705904,0
162,1,0.9999999896118784,0.9999373787952961,2
117,1,0.9995522851570375,0.9846094309455994,1
309,0,0.00017886710679215865,0.004768990528898176,0
170,0,0.001857189378005022,0.024146185521164126,2
234,0,4.363703935635051e-05,0.0021169905771711334,0
27,1,0.9998594748753162,0.9866807138794899,3
333,0,9.323170048805047e-05,0.004157455658370905,3
233,1,0.999998052294451,0.999167488239714,3
29,1,0.9730308515588136,0.846015233531416,3
209,0,0.03582093830522773,0.11488988941454385,2
134,1,0.9999705283819718,0.9959929704701985,3
301,0,0.0013087143540154468,0.01986477661457835,3
149,0,0.0015853054341936185,0.022470322970818263,3
534,0,0.000587182455826229,0.01553164655216944,2
317,1,0.9994031847521827,0.9825939911315733,4
152,0,0.013936084517056097,0.05927465637696707,1
506,0,0.004162862558986138,0.04577247068039364,2
185,0,0.0004055198959487996,0.008346444672157897,2
565,1,0.9999979335452623,0.9992943531320586,1
91,1,0.5555468264813941,0.4517934329545379,1
562,1,0.9999915864072464,0.9986332070179035,3
236,1,0.999999999998153,0.9999993821319296,3
240,0,0.011349333627346773,0.05305871520260561,4
348,0,0.0006953646576219035,0.010934519880767754,4
422,0,0.003755118871007746,0.02774232031962658,1
193,1,0.9648105772061655,0.8273119764653106,0
314,0,2.1270239351924508e-06,0.00044104033079213654,4
52,0,0.0009680958270050555,0.010493593026774458,1
371,0,0.001971624747759317,0.023586278234755745,0
390,0,4.478833672271799e-05,0.003156294116300289,3
268,0,0.004411832286721862,0.04613792556555548,2
320,0,4.7331812677320897e-05,0.002580878473055866,0
514,1,0.5108398597363176,0.42335705327172546,0
480,0,0.0015729902542018649,0.022249601004183144,2
10,1,0.950126468212122,0.8002810728519405,1
383,0,0.005839524353611563,0.04075839675269737,4
58,0,0.0007828253265195323,0.013543816764235661,2
110,0,5.5455353242294536e-05,0.0027082950784802252,0
380,0,0.021314276802511335,0.07772296814031766,4
101,0,9.019932619605379e-07,0.00022526183018334536,4
196,1,0.99921393239067,0.9682653449667361,4
188,0,0.0010964359484861626,0.01368391822711886,1
133,0,0.1569539286384882,0.2386978536906874,0
409,0,0.02067037789126093,0.08685881396691399,3
393,1,0.9999999950553118,0.9999732267177937,2
508,0,0.1329212549005538,0.20511575967718917,3
126,1,0.9643883202707216,0.8221952304950123,0
118,1,0.9999832425233911,0.9968903312244803,2
160,0,0.03652094151044581,0.10304220038271306,0
130,0,0.0007449524651537381,0.013190219499543661,0
374,0,0.004383228566591521,0.03324660622713279,1
290,0,0.0037928874082271548,0.023610367232613685,4
497,0,0.007067311934805385,0.045777129703061935,4
211,0,0.0012784318645995215,0.01896347873505481,3
165,0,0.009879958993329257,0.0648454596426727,2
219,1,0.9999999881830243,0.9999626034780255,1
470,0,0.0008146357072224032,0.011064660736843765,0
201,1,0.9960720725937514,0.9493992934558624,3
332,0,0.0011081691270462745,0.01913653531154889,2
401,0,0.0007353399139787989,0.013020188976732384,3
123,0,0.027181717948303635,0.11624728535937372,3
67,0,0.0012232112073804302,0.013816195187728475,0
132,1,0.9965752116108515,0.952876910984927,4
120,0,0.0009645393872178746,0.01181341435835817,1
381,0,0.0001276580092284616,0.004620669661668987,0
446,1,0.9999905270884077,0.998618452039438,1
212,1,1.0,0.9999997917474698,3
429,0,0.00043963637402833194,0.010170934446652966,2
388,0,7.933105443414752e-06,0.0008264040649203225,0
418,0,0.00036549096452309523,0.007224470507804601,4
479,1,0.9617373887363495,0.8206308257777287,2
326,0,0.001031024707322212,0.012121295621491,1
279,0,0.01865153509385056,0.07560313356092957,0
32,1,0.9999900929587936,0.9984646891881804,1
500,0,0.08222488241441252,0.16971438938691033,2
53,1,0.99963121287972,0.9840854177326976,4
146,1,0.6103245824196056,0.6111006000596755,3
115,0,0.014377834178290272,0.05462381950648804,1
92,0,0.010487295773370231,0.051037535870378736,3
161,1,0.9999660741182407,0.990286883054178,2
164,1,0.9999999643960961,0.9999384013427491,0
75,1,0.9990392146296317,0.9663900135446407,1
357,0,0.001451504599654031,0.017575672081039866,0
86,1,0.7419517870876593,0.5819175417081842,3
319,0,4.051074632540996e-05,0.002034399671619665,4
93,0,0.030283389881210706,0.0950534781449013,0
173,0,6.092997828542415e-06,0.0007593052023153385,3
405,0,0.002422520662754037,0.02504091054156887,3
131,1,0.9966060177093932,0.9464466241655923,2
492,1,0.9997834442885816,0.9888027359986479,0
293,0,0.004562937803704278,0.03581797236708452,4
556,0,2.106760458339739e-05,0.0012233033564946665,1
524,0,0.000137716025370528,0.003822182236504348,1
498,1,0.9999177951611375,0.9906025659941567,3
561,0,0.00012470056243150856,0.004556951436144576,1
254,1,0.9999972041533739,0.9991755613333885,1
318,0,0.0012287239856366829,0.01672424096893704,2
26,1,0.9990176657902975,0.9796959852671258,0
329,1,0.7421155321005488,0.6225279777383408,1
475,0,0.007738246984840802,0.046134161889000165,0
287,0,3.147200128982954e-05,0.001980529830957462,1
459,0,0.0007030681142316806,0.01017568087080062,0
273,0,0.00011871109985178082,0.003723877816172644,4
550,0,2.5493241601817177e-05,0.001680333524006179,0
33,1,0.9999984076252632,0.9995810746331673,1
426,0,0.0015589320235943813,0.016095655213708385,1
555,0,0.009583477061897647,0.041594323659831386,1
76,0,0.0024855022772015925,0.036490770692074896,2
260,1,0.9999996810524645,0.99976555246083,0
108,1,0.9999999999993718,0.9999997783025522,4
494,0,0.002887327936789156,0.0254360820114673,0
312,0,0.0008717741821093874,0.015203297208336389,2
303,0,0.00016858980824848644,0.0039352134590532545,1
440,0,0.01806979477721828,0.07106926746365763,4
220,0,0.0018724737971546445,0.025387436442464842,2
365,1,0.9999512974299167,0.9958607440122117,1
412,0,1.357016733871619e-05,0.0012616193981273708,4
566,1,0.9893082547871109,0.9009286485054977,3
559,0,0.04489728217092149,0.11689370781306106,4
187,0,0.005381257710799992,0.03295319438541666,4
57,1,0.9917772227729633,0.9242362097619429,0
17,1,0.9999888057953482,0.9975627848978895,2
336,0,3.5760446958847215e-05,0.002268371369510407,4
427,0,0.034610024800261284,0.086437932141265,1
560,0,0.4417354500745358,0.3859435852516426,4
486,0,0.031319051313599244,0.1027808395445526,0
12,1,0.9994433029596828,0.980077726893699,0
453,0,0.021567605802767984,0.0800362123257936,0
44,1,0.9044793766866178,0.7572783620560332,4
63,0,5.491151892798413e-06,0.0010856373568765578,3
49,0,0.19931725307579293,0.26939722268363314,3
456,0,0.1665510118758519,0.24435075866097153,3
3,1,0.9994221870823635,0.9753649036530874,4
46,0,6.5492189087250326e-06,0.0010794239278553014,2
341,0,0.00045371708358013583,0.00849080963958198,1
543,0,0.08647894691933226,0.1582042273158576,0
337,1,0.9999962104573994,0.9990473251010643,0
225,0,0.26326353012547943,0.27279128790289414,4
444,1,0.9660490982378094,0.846074643490527,0
16,1,0.9951994538514674,0.9332224744566764,1
87,1,0.9999973341184485,0.9990475239589057,3
139,0,0.0002526742262634152,0.005768686510794316,4
548,0,7.191012036044695e-05,0.002685099588577454,0
491,0,0.4419645944991099,0.367269733861776,2
411,0,0.0020952213019372733,0.0267096321346748,3
460,1,0.999998273761766,0.9986533850587741,1
372,1,0.9986450396871372,0.975449741871592,0
182,1,0.9956549729478362,0.9444045831629048,3
331,0,0.023984806960799476,0.09239789859326014,4
56,1,0.999999848240655,0.9997490499277507,3
493,0,4.4598064434294606e-05,0.002350909088304471,2
473,0,0.007706105661573285,0.04720949945505471,2
176,0,5.163410409138802e-05,0.0031261872930431534,2
263,1,0.33738022334179346,0.3482084638743221,4
9,1,0.9996538025246875,0.987320629838549,4
283,1,0.969484201803925,0.8763656355256834,4
106,0,0.1985244878241805,0.252875964156062,1
202,1,0.9999999989766815,0.9999875099634951,3
378,0,0.008858242516022281,0.04965760555977705,1
394,0,0.010138349587643281,0.059327604685091594,3
421,0,0.2810195735194891,0.3181887411982791,2
112,0,0.02490916239885618,0.11070380276511764,4
13,1,0.5720277329747292,0.4795935578188269,3
244,1,0.9999188230634927,0.9929216706439282,3
335,1,0.9999965403643232,0.9979811973166938,4
356,0,0.03709436894437066,0.11224563020180811,0
251,0,0.00227682160922209,0.025423718352211355,3
397,0,0.0006007227729710728,0.010472085594345431,1
227,0,0.07828004899200433,0.16799138229007057,1
368,1,0.9999999995081457,0.9999830977801585,1
60,0,0.00010997771997849804,0.0034211768206832156,4
499,1,0.9999983663966155,0.9994120615959421,0
487,1,0.9999990809588937,0.9995693992406512,4
184,1,0.6774643200462118,0.5443961070362235,0
300,1,0.9999999407636091,0.9998171321480828,1
509,1,0.9995958774201121,0.9868059008230824,4
230,1,0.9998643546607351,0.9936796649816388,4
474,0,0.000326376722614499,0.007193837838757509,1
