ratio,t_star,t_unconstrained,q_unconstrained,t_quota,q_quota,cost_quota,fp_quota,fn_quota
1.0,0.5,0.452,0.37362637362637363,0.452,0.37362637362637363,0.017582417582417582,4,4
1.259,0.4426737494466578,0.452,0.37362637362637363,0.452,0.37362637362637363,0.019859340659340658,4,4
1.585,0.3868471953578337,0.452,0.37362637362637363,0.452,0.37362637362637363,0.022725274725274726,4,4
1.995,0.333889816360601,0.452,0.37362637362637363,0.452,0.37362637362637363,0.026329670329670332,4,4
2.512,0.2847380410022779,0.452,0.37362637362637363,0.452,0.37362637362637363,0.030874725274725276,4,4
3.162,0.24026910139356078,0.452,0.37362637362637363,0.452,0.37362637362637363,0.03658901098901099,4,4
3.981,0.2007628990162618,0.452,0.37362637362637363,0.452,0.37362637362637363,0.04378901098901099,4,4
5.012,0.16633399866932802,0.324,0.3868131868131868,0.324,0.3868131868131868,0.05282637362637362,9,3
6.31,0.13679890560875513,0.324,0.3868131868131868,0.324,0.3868131868131868,0.061384615384615385,9,3
7.943,0.11181930001118194,0.324,0.3868131868131868,0.324,0.3868131868131868,0.07215164835164835,9,3
10.0,0.09090909090909091,0.09,0.42857142857142855,0.324,0.3868131868131868,0.08571428571428572,9,3
12.589,0.07358893222459342,0.09,0.42857142857142855,0.324,0.3868131868131868,0.10278461538461539,9,3
15.849,0.059350703305834175,0.09,0.42857142857142855,0.324,0.3868131868131868,0.12427912087912087,9,3
19.953,0.04772586264496731,0.09,0.42857142857142855,0.324,0.3868131868131868,0.15133846153846153,9,3
25.119,0.03828630498870554,0.09,0.42857142857142855,0.324,0.3868131868131868,0.1854,9,3
31.623,0.030653220120773685,0.09,0.42857142857142855,0.324,0.3868131868131868,0.2282835164835165,9,3
39.811,0.02450319766729558,0.09,0.42857142857142855,0.324,0.3868131868131868,0.28227032967032967,9,3
50.0,0.0196078431372549,0.09,0.42857142857142855,0.324,0.3868131868131868,0.34945054945054943,9,3
50.119,0.019562198008568243,0.09,0.42857142857142855,0.324,0.3868131868131868,0.3502351648351648,9,3
63.096,0.015601597603594607,0.09,0.42857142857142855,0.324,0.3868131868131868,0.4357978021978022,9,3
79.433,0.012432707968122536,0.09,0.42857142857142855,0.324,0.3868131868131868,0.5435142857142858,9,3
100.0,0.009900990099009901,0.09,0.42857142857142855,0.324,0.3868131868131868,0.6791208791208792,9,3
