object_id,subset
546,train
432,train
174,train
221,train
289,train
147,train
462,train
192,train
116,train
513,train
249,train
472,train
39,train
346,train
517,train
510,train
28,train
142,train
253,train
369,train
40,train
416,train
183,train
533,train
349,train
243,train
347,train
0,train
37,train
413,train
520,train
521,train
69,train
322,train
213,train
141,train
352,train
558,train
400,train
281,train
79,train
557,train
489,train
466,train
5,train
191,train
436,train
99,train
222,train
264,train
441,train
62,train
81,train
19,train
159,train
377,train
103,train
197,train
216,train
208,train
248,train
387,train
72,train
485,train
145,train
522,train
265,train
437,train
98,train
414,train
229,train
364,train
74,train
2,train
21,train
80,train
178,train
454,train
547,train
366,train
259,train
171,train
156,train
262,train
109,train
113,train
22,train
563,train
425,train
82,train
539,train
129,train
345,train
177,train
271,train
525,train
398,train
210,train
420,train
214,train
455,train
105,train
68,train
351,train
175,train
285,train
195,train
272,train
124,train
403,train
89,train
30,train
181,train
536,train
71,train
299,train
529,train
94,train
25,train
530,train
278,train
88,train
189,train
239,train
143,train
435,train
370,train
362,train
339,train
419,train
50,train
137,train
277,train
402,train
545,train
65,train
136,train
15,train
97,train
481,train
18,train
482,train
342,train
274,train
334,train
538,train
325,train
138,train
305,train
54,train
476,train
424,train
350,train
122,train
119,train
154,train
241,train
35,train
410,train
55,train
302,train
465,train
111,train
367,train
190,train
238,train
6,train
172,train
451,train
250,train
294,train
282,train
47,train
448,train
207,train
458,train
151,train
169,train
505,train
442,train
59,train
471,train
313,train
232,train
552,train
78,train
90,train
447,train
255,train
531,train
135,train
144,train
157,train
395,train
389,train
114,train
286,train
215,train
7,train
245,train
280,train
153,train
323,train
443,train
457,train
11,train
155,train
224,train
61,train
125,train
107,train
544,train
148,train
270,train
96,train
297,train
330,train
484,train
503,train
532,train
226,train
511,train
327,train
554,train
360,train
34,train
391,train
252,train
373,train
48,train
163,train
338,train
43,train
324,train
477,train
384,train
45,train
490,train
379,train
478,train
376,train
179,train
306,train
258,train
449,train
407,train
355,train
315,train
84,train
392,train
430,train
551,train
469,train
42,train
186,train
396,train
404,train
66,train
36,train
512,train
100,train
463,train
438,train
166,train
4,train
515,train
311,train
276,train
386,train
304,train
502,train
218,train
8,train
382,train
38,train
450,train
31,train
162,train
117,train
309,train
170,train
234,train
27,train
333,train
233,train
29,train
209,train
134,train
301,train
149,train
534,train
317,train
152,train
506,train
185,train
565,train
91,train
562,train
236,train
240,train
348,train
422,train
193,train
314,train
52,train
371,train
390,train
268,train
320,train
514,train
480,train
10,train
383,train
58,train
110,train
380,train
101,train
196,train
188,train
133,train
409,train
393,train
508,train
126,train
118,train
160,train
130,train
374,train
290,train
497,train
211,train
165,train
219,train
470,train
201,train
332,train
401,train
123,train
67,train
132,train
120,train
381,train
446,train
212,train
429,train
388,train
418,train
479,train
326,train
279,train
32,train
500,train
53,train
146,train
115,train
92,train
161,train
164,train
75,train
357,train
86,train
319,train
93,train
173,train
405,train
131,train
492,train
293,train
556,train
524,train
498,train
561,train
254,train
318,train
26,train
329,train
475,train
287,train
459,train
273,train
550,train
33,train
426,train
555,train
76,train
260,train
108,train
494,train
312,train
303,train
440,train
220,train
365,train
412,train
566,train
559,train
187,train
57,train
17,train
336,train
427,train
560,train
486,train
12,train
453,train
44,train
63,train
49,train
456,train
3,train
46,train
341,train
543,train
337,train
225,train
444,train
16,train
87,train
139,train
548,train
491,train
411,train
460,train
372,train
182,train
331,train
56,train
493,train
473,train
176,train
263,train
9,train
283,train
106,train
202,train
378,train
394,train
421,train
112,train
13,train
244,train
335,train
356,train
251,train
397,train
227,train
368,train
60,train
499,train
487,train
184,train
300,train
509,train
230,train
474,train
256,test
428,test
501,test
363,test
564,test
464,test
358,test
343,test
516,test
567,test
292,test
199,test
527,test
121,test
353,test
495,test
541,test
537,test
308,test
242,test
223,test
261,test
467,test
288,test
549,test
406,test
23,test
415,test
266,test
359,test
247,test
354,test
452,test
528,test
85,test
41,test
310,test
275,test
526,test
433,test
217,test
158,test
267,test
417,test
64,test
340,test
307,test
206,test
375,test
408,test
284,test
542,test
507,test
73,test
150,test
431,test
316,test
167,test
168,test
445,test
399,test
553,test
295,test
235,test
77,test
385,test
291,test
20,test
518,test
496,test
231,test
361,test
140,test
468,test
328,test
237,test
194,test
439,test
269,test
434,test
204,test
104,test
70,test
540,test
205,test
51,test
483,test
568,test
200,test
523,test
423,test
519,test
535,test
321,test
83,test
296,test
1,test
344,test
203,test
298,test
127,test
24,test
14,test
102,test
180,test
461,test
246,test
198,test
504,test
95,test
128,test
257,test
228,test
488,test
